TF_ID	Species	TF_Name	Gene_ID	Protein_ID	Pfam_DBDs	Pfam_froms	Pfam_tos	DBD_seqs	Protein_seq
T328074_2.00	Homo_sapiens	SOX17	ENSG00000164736	ENSP00000297316	HMG_box	68	136	IRRPMNAFMVWAKDERKRLAQQNPDLHNAELSKMLGKSWKALTLAEKRPFVEEAERLRVQHMQDHPNYK	MSSPDAGYASDDQSQTQSALPAVMAGLGPCPWAESLSPIGDMKVKGEAPANSGAPAGAAGRAKGESRIRRPMNAFMVWAKDERKRLAQQNPDLHNAELSKMLGKSWKALTLAEKRPFVEEAERLRVQHMQDHPNYKYRPRRRKQVKRLKRVEGGFLHGLAEPQAAALGPEGGRVAMDGLGLQFPEQGFPAGPPLLPPHMGGHYRDCQSLGAPPLDGYPLPTPDTSPLDGVDPDPAFFAAPMPGDCPAAGTYSYAQVSDYAGPPEPPAGPMHPRLGPEPAGPSIPGLLAPPSALHVYYGAMGSPGAGGGRGFQMQPQHQHQHQHQHHPPGPGQPSPPPEALPCRDGTDPSQPAELLGEVDRTEFEQYLHFVCKPEMGLPYQGHDSGVNLPDSHGAISSVVSDASSAVYYCNYPDV
T034290_2.00	Homo_sapiens	MYC	ENSG00000136997	ENSP00000367207	HLH,HLH	355,419	407,437	KRRTHNVLERQRRNELKRSFFALRDQIPELENNEKAPKVVILKKATAYILSVQ,LLRKRREQLKHKLEQLRNS	MPLNVSFTNRNYDLDYDSVQPYFYCDEEENFYQQQQQSELQPPAPSEDIWKKFELLPTPPLSPSRRSGLCSPSYVAVTPFSLRGDNDGGGGSFSTADQLEMVTELLGGDMVNQSFICDPDDETFIKNIIIQDCMWSGFSAAAKLVSEKLASYQAARKDSGSPNPARGHSVCSTSSLYLQDLSAAASECIDPSVVFPYPLNDSSSPKSCASQDSSAFSPSSDSLLSSTESSPQGSPEPLVLHEETPPTTSSDSEEEQEDEEEIDVVSVEKRQAPGKRSESGSPSAGGHSKPPHSPLVLKRCHVSTHQHNYAAPPSTRKDYPAAKRVKLDSVRVLRQISNNRKCTSPRSSDTEENVKRRTHNVLERQRRNELKRSFFALRDQIPELENNEKAPKVVILKKATAYILSVQAEEQKLISEEDLLRKRREQLKHKLEQLRNSCA
T034290_2.00	Homo_sapiens	MYC	ENSG00000136997	ENSP00000430235	HLH,HLH	369,433	421,451	KRRTHNVLERQRRNELKRSFFALRDQIPELENNEKAPKVVILKKATAYILSVQ,LLRKRREQLKHKLEQLRNS	LDFFRVVENQPPATMPLNVSFTNRNYDLDYDSVQPYFYCDEEENFYQQQQQSELQPPAPSEDIWKKFELLPTPPLSPSRRSGLCSPSYVAVTPFSLRGDNDGGGGSFSTADQLEMVTELLGGDMVNQSFICDPDDETFIKNIIIQDCMWSGFSAAAKLVSEKLASYQAARKDSGSPNPARGHSVCSTSSLYLQDLSAAASECIDPSVVFPYPLNDSSSPKSCASQDSSAFSPSSDSLLSSTESSPQGSPEPLVLHEETPPTTSSDSEEEQEDEEEIDVVSVEKRQAPGKRSESGSPSAGGHSKPPHSPLVLKRCHVSTHQHNYAAPPSTRKDYPAAKRVKLDSVRVLRQISNNRKCTSPRSSDTEENVKRRTHNVLERQRRNELKRSFFALRDQIPELENNEKAPKVVILKKATAYILSVQAEEQKLISEEDLLRKRREQLKHKLEQLRNSCA
T034290_2.00	Homo_sapiens	MYC	ENSG00000136997	ENSP00000478887	HLH,HLH	370,434	422,452	KRRTHNVLERQRRNELKRSFFALRDQIPELENNEKAPKVVILKKATAYILSVQ,LLRKRREQLKHKLEQLRNS	LDFFRVVENQQPPATMPLNVSFTNRNYDLDYDSVQPYFYCDEEENFYQQQQQSELQPPAPSEDIWKKFELLPTPPLSPSRRSGLCSPSYVAVTPFSLRGDNDGGGGSFSTADQLEMVTELLGGDMVNQSFICDPDDETFIKNIIIQDCMWSGFSAAAKLVSEKLASYQAARKDSGSPNPARGHSVCSTSSLYLQDLSAAASECIDPSVVFPYPLNDSSSPKSCASQDSSAFSPSSDSLLSSTESSPQGSPEPLVLHEETPPTTSSDSEEEQEDEEEIDVVSVEKRQAPGKRSESGSPSAGGHSKPPHSPLVLKRCHVSTHQHNYAAPPSTRKDYPAAKRVKLDSVRVLRQISNNRKCTSPRSSDTEENVKRRTHNVLERQRRNELKRSFFALRDQIPELENNEKAPKVVILKKATAYILSVQAEEQKLISEEDLLRKRREQLKHKLEQLRNSCA
T034290_2.00	Homo_sapiens	MYC	ENSG00000136997	ENSP00000479618	HLH,HLH	370,434	422,452	KRRTHNVLERQRRNELKRSFFALRDQIPELENNEKAPKVVILKKATAYILSVQ,LLRKRREQLKHKLEQLRNS	LDFFRVVENQQPPATMPLNVSFTNRNYDLDYDSVQPYFYCDEEENFYQQQQQSELQPPAPSEDIWKKFELLPTPPLSPSRRSGLCSPSYVAVTPFSLRGDNDGGGGSFSTADQLEMVTELLGGDMVNQSFICDPDDETFIKNIIIQDCMWSGFSAAAKLVSEKLASYQAARKDSGSPNPARGHSVCSTSSLYLQDLSAAASECIDPSVVFPYPLNDSSSPKSCASQDSSAFSPSSDSLLSSTESSPQGSPEPLVLHEETPPTTSSDSEEEQEDEEEIDVVSVEKRQAPGKRSESGSPSAGGHSKPPHSPLVLKRCHVSTHQHNYAAPPSTRKDYPAAKRVKLDSVRVLRQISNNRKCTSPRSSDTEENVKRRTHNVLERQRRNELKRSFFALRDQIPELENNEKAPKVVILKKATAYILSVQAEEQKLISEEDLLRKRREQLKHKLEQLRNSCA
T328079_2.00	Homo_sapiens	SOX2	ENSG00000181449	ENSP00000323588	HMG_box	41	109	VKRPMNAFMVWSRGQRRKMAQENPKMHNSEISKRLGAEWKLLSETEKRPFIDEAKRLRALHMKEHPDYK	MYNMMETELKPPGPQQTSGGGGGNSTAAAAGGNQKNSPDRVKRPMNAFMVWSRGQRRKMAQENPKMHNSEISKRLGAEWKLLSETEKRPFIDEAKRLRALHMKEHPDYKYRPRRKTKTLMKKDKYTLPGGLLAPGGNSMASGVGVGAGLGAGVNQRMDSYAHMNGWSNGSYSMMQDQLGYPQHPGLNAHGAAQMQPMHRYDVSALQYNSMTSSQTYMNGSPTYSMSYSQQGTPGMALGSMGSVVKSEASSSPPVVTSSSHSRAPCQAGDLRDMISMYLPGAEVPEPAAPSRLHMSQHYQSGPVPGTAINGTLPLSHM
T238200_2.00	Homo_sapiens	POU5F1	ENSG00000204531	ENSP00000259915	Pou,Homeobox	141,231	212,287	ALQKELEQFAKLLKQKRITLGYTQADVGLTLGVLFGKVFSQTTICRFEALQLSFKNMCKLRPLLQKWVEEAD,KRKRTSIENRVRGNLENLFLQCPKPTLQQISHIAQQLGLEKDVVRVWFCNRRQKGKR	MAGHLASDFAFSPPPGGGGDGPGGPEPGWVDPRTWLSFQGPPGGPGIGPGVGPGSEVWGIPPCPPPYEFCGGMAYCGPQVGVGLVPQGGLETSQPEGEAGVGVESNSDGASPEPCTVTPGAVKLEKEKLEQNPEESQDIKALQKELEQFAKLLKQKRITLGYTQADVGLTLGVLFGKVFSQTTICRFEALQLSFKNMCKLRPLLQKWVEEADNNENLQEICKAETLVQARKRKRTSIENRVRGNLENLFLQCPKPTLQQISHIAQQLGLEKDVVRVWFCNRRQKGKRSSSDYAQREDFEAAGSPFSGGPVSFPLAPGPHFGTPGYGSPHFTALYSSVPFPEGEAFPPVSVTTLGSPMHSN
T238200_2.00	Homo_sapiens	POU5F1	ENSG00000204531	ENSP00000389359	Pou,Homeobox	1,35	16,91	MCKLRPLLQKWVEEAD,KRKRTSIENRVRGNLENLFLQCPKPTLQQISHIAQQLGLEKDVVRVWFCNRRQKGKR	MCKLRPLLQKWVEEADNNENLQEICKAETLVQARKRKRTSIENRVRGNLENLFLQCPKPTLQQISHIAQQLGLEKDVVRVWFCNRRQKGKRSSSDYAQREDFEAAGSPFSGGPVSFPLAPGPHFGTPGYGSPHFTALYSSVPFPEGEAFPPVSVTTLGSPMHSN
T238200_2.00	Homo_sapiens	POU5F1	ENSG00000204531	ENSP00000425083	Pou,Homeobox	1,35	16,91	MCKLRPLLQKWVEEAD,KRKRTSIENRVRGNLENLFLQCPKPTLQQISHIAQQLGLEKDVVRVWFCNRRQKGKR	MCKLRPLLQKWVEEADNNENLQEICKAETLVQARKRKRTSIENRVRGNLENLFLQCPKPTLQQISHIAQQLGLEKDVVRVWFCNRRQKGKRSSSDYAQREDFEAAGSPFSGGPVSFPLAPGPHFGTPGYGSPHFTALYSSVPFPEGEAFPPVSVTTLGSPMHSN
T238200_2.00	Homo_sapiens	POU5F1	ENSG00000204531	ENSP00000425479	Pou,Homeobox	1,35	16,91	MCKLRPLLQKWVEEAD,KRKRTSIENRVRGNLENLFLQCPKPTLQQISHIAQQLGLEKDVVRVWFCNRRQKGKR	MCKLRPLLQKWVEEADNNENLQEICKAETLVQARKRKRTSIENRVRGNLENLFLQCPKPTLQQISHIAQQLGLEKDVVRVWFCNRRQKGKRSSSDYAQREDFEAAGSPFSGGPVSFPLAPGPHFGTPGYGSPHFTALYSSVPFPEGEAFPPVSVTTLGSPMHSN
T238200_2.00	Homo_sapiens	POU5F1	ENSG00000204531	ENSP00000475512	Pou,Homeobox	1,35	16,91	MCKLRPLLQKWVEEAD,KRKRTSIENRVRGNLENLFLQCPKPTLQQISHIAQQLGLEKDVVRVWFCNRRQKGKR	MCKLRPLLQKWVEEADNNENLQEICKAETLVQARKRKRTSIENRVRGNLENLFLQCPKPTLQQISHIAQQLGLEKDVVRVWFCNRRQKGKRSSSDYAQREDFEAAGSPFSGGPVSFPLAPGPHFGTPGYGSPHFTALYSSVPFPEGEAFPPVSVTTLGSPMHSN
T238200_2.00	Homo_sapiens	POU5F1	ENSG00000204531	ENSP00000475880	Pou,Homeobox	1,61	42,117	LGVLFGKVFSQTTICRFEALQLSFKNMCKLRPLLQKWVEEAD,KRKRTSIENRVRGNLENLFLQCPKPTLQQISHIAQQLGLEKDVVRVWFCNRRQKGKR	LGVLFGKVFSQTTICRFEALQLSFKNMCKLRPLLQKWVEEADNNENLQEICKAETLVQARKRKRTSIENRVRGNLENLFLQCPKPTLQQISHIAQQLGLEKDVVRVWFCNRRQKGKRSSSDYAQREDFEAAGSPFSGGPVSFPLAPGPHFGTPGYGSPHFTALYSSVPFPEGEAFPPVSVTTLGSPMHSN
T238200_2.00	Homo_sapiens	POU5F1	ENSG00000204531	ENSP00000481679	Pou	141	173	ALQKELEQFAKLLKQKRITLGYTQADVAHPGGS	MAGHLASDFAFSPPPGGGGDGPGGPEPGWVDPRTWLSFQGPPGGPGIGPGVGPGSEVWGIPPCPPPYEFCGGMAYCGPQVGVGLVPQGGLETSQPEGEAGVGVESNSDGASPEPCTVTPGAVKLEKEKLEQNPEESQDIKALQKELEQFAKLLKQKRITLGYTQADVAHPGGSIWEGIQPNDHLPL
T238200_2.00	Homo_sapiens	POU5F1	ENSG00000204531	ENSP00000484778	Pou,Homeobox	1,61	42,117	LGVLFGKVFSQTTICRFEALQLSFKNMCKLRPLLQKWVEEAD,KRKRTSIENRVRGNLENLFLQCPKPTLQQISHIAQQLGLEKDVVRVWFCNRRQKGKR	LGVLFGKVFSQTTICRFEALQLSFKNMCKLRPLLQKWVEEADNNENLQEICKAETLVQARKRKRTSIENRVRGNLENLFLQCPKPTLQQISHIAQQLGLEKDVVRVWFCNRRQKGKRSSSDYAQREDFEAAGSPFSGGPVSFPLAPGPHFGTPGYGSPHFTALYSSVPFPEGEAFPPVSVTTLGSPMHSN
T094932_2.00	Homo_sapiens	KLF4	ENSG00000136826	ENSP00000363804	zf-C2H2,zf-C2H2,zf-C2H2	396,426,456	420,450,478	HTCDYAGCGKTYTKSSHLKAHLRTH,YHCDWDGCGWKFARSDELTRHYRKH,FQCQKCDRAFSRSDHLALHMKRH	MRQPPGESDMAVSDALLPSFSTFASGPAGREKTLRQAGAPNNRWREELSHMKRLPPVLPGRPYDLAAATVATDLESGGAGAACGGSNLAPLPRRETEEFNDLLDLDFILSNSLTHPPESVAATVSSSASASSSSSPSSSGPASAPSTCSFTYPIRAGNDPGVAPGGTGGGLLYGRESAPPPTAPFNLADINDVSPSGGFVAELLRPELDPVYIPPQQPQPPGGGLMGKFVLKASLSAPGSEYGSPSVISVSKGSPDGSHPVVVAPYNGGPPRTCPKIKQEAVSSCTHLGAGPPLSNGHRPAAHDFPLGRQLPSRTTPTLGLEEVLSSRDCHPALPLPPGFHPHPGPNYPSFLPDQMQPQVPPLHYQELMPPGSCMPEEPKPKRGRRSWPRKRTATHTCDYAGCGKTYTKSSHLKAHLRTHTGEKPYHCDWDGCGWKFARSDELTRHYRKHTGHRPFQCQKCDRAFSRSDHLALHMKRHF
T094932_2.00	Homo_sapiens	KLF4	ENSG00000136826	ENSP00000483629	zf-C2H2,zf-C2H2,zf-C2H2	62,92,122	86,116,144	HTCDYAGCGKTYTKSSHLKAHLRTH,YHCDWDGCGWKFARSDELTRHYRKH,FQCQKCDRAFSRSDHLALHMKRH	MAVSDALLPSFSTFASGPAGREKTLRQAGAPNNLMPPGSCMPEEPKPKRGRRSWPRKRTATHTCDYAGCGKTYTKSSHLKAHLRTHTGEKPYHCDWDGCGWKFARSDELTRHYRKHTGHRPFQCQKCDRAFSRSDHLALHMKRHF