# Input,ChemicalName,ChemicalId,CasRN,GeneSymbol,GeneId,Organism,OrganismId,PubMedIds
klf4,1-Methyl-4-phenylpyridinium,D015655,48134-75-4,KLF4,9314,Homo sapiens,9606.0,29611404
klf4,1-Naphthylisothiocyanate,D015058,551-06-4,KLF4,9314,Homo sapiens,9606.0,27344345
klf4,"2,2',4,4',5-brominated diphenyl ether",C477694,,KLF4,9314,Homo sapiens,9606.0,26705709
klf4,2-methyl-4-isothiazolin-3-one,C011506,2682-20-4,KLF4,9314,Homo sapiens,9606.0,31629900
klf4,3-((6-(2-methoxyphenyl)pyrimidin-4-yl)amino)phenyl)methane sulfonamide,C000590771,,KLF4,9314,Homo sapiens,9606.0,24102143
klf4,"4-(4-((5-(4,5-dimethyl-2-nitrophenyl)-2-furanyl)methylene)-4,5-dihydro-3-methyl-5-oxo-1H-pyrazol-1-yl)benzoic acid",C584509,,KLF4,9314,Homo sapiens,9606.0,26191083
klf4,4-(5-(4-chlorophenyl)-3-(trifluoromethyl)-1H-pyrazol-1-yl)benzenesulfonamide,C119130,,KLF4,9314,Homo sapiens,9606.0,35259347
klf4,"4-(5-benzo(1,3)dioxol-5-yl-4-pyridin-2-yl-1H-imidazol-2-yl)benzamide",C459179,,KLF4,9314,Homo sapiens,9606.0,27188386
klf4,"7,8-Dihydro-7,8-dihydroxybenzo(a)pyrene 9,10-oxide",D015123,55097-80-8,KLF4,9314,Homo sapiens,9606.0,19150397|20382639
klf4,"7-(benzylamino)-1,3,4,8-tetrahydropyrrolo(4,3,2-de)quinolin-8(1H)-one",C553817,,KLF4,9314,Homo sapiens,9606.0,19936915
klf4,abrine,C496492,,KLF4,9314,Homo sapiens,9606.0,31054353
klf4,Acetaminophen,D000082,103-90-2,KLF4,9314,Homo sapiens,9606.0,29067470
klf4,acetylbritannilatone,C487680,,KLF4,9314,Homo sapiens,9606.0,27262408
klf4,Acrylamide,D020106,79-06-1,KLF4,9314,Homo sapiens,9606.0,32763439
klf4,Aflatoxin B1,D016604,1162-65-8,KLF4,9314,Homo sapiens,9606.0,27153756
klf4,"Air Pollutants, Occupational",D000395,,KLF4,9314,Homo sapiens,9606.0,26018793
klf4,Amiodarone,D000638,1951-25-3,KLF4,9314,Homo sapiens,9606.0,19774075
klf4,Antirheumatic Agents,D018501,,KLF4,9314,Homo sapiens,9606.0,24449571
klf4,aristolochic acid I,C000228,313-67-7,KLF4,9314,Homo sapiens,9606.0,33212167
klf4,Arsenic,D001151,7440-38-2,KLF4,9314,Homo sapiens,9606.0,32802178
klf4,Arsenic Trioxide,D000077237,1327-53-3,KLF4,9314,Homo sapiens,9606.0,20707922|29486283|30093655
klf4,"Asbestos, Crocidolite",D017638,12001-28-4,KLF4,9314,Homo sapiens,9606.0,18687144|25757056
klf4,Benzene,D001554,71-43-2,KLF4,9314,Homo sapiens,9606.0,20036648
klf4,Benzo(a)pyrene,D001564,50-32-8,KLF4,9314,Homo sapiens,9606.0,32234424|32802178
klf4,beta-hydroxy simvastatin acid,C483161,,KLF4,9314,Homo sapiens,9606.0,18192240
klf4,bisphenol A,C006780,80-05-7,KLF4,9314,Homo sapiens,9606.0,20170705
klf4,Buthionine Sulfoximine,D019328,5072-26-4,KLF4,9314,Homo sapiens,9606.0,21833590
klf4,butyraldehyde,C018475,123-72-8,KLF4,9314,Homo sapiens,9606.0,26079696
klf4,Cadmium,D002104,7440-43-9,KLF4,9314,Homo sapiens,9606.0,16439709
klf4,Calcitriol,D002117,32222-06-3,KLF4,9314,Homo sapiens,9606.0,16002434
klf4,Cannabidiol,D002185,13956-29-1,KLF4,9314,Homo sapiens,9606.0,26504004
klf4,CGP 52608,C092451,87958-67-6,KLF4,9314,Homo sapiens,9606.0,28238834
klf4,Chlorpromazine,D002746,50-53-3,KLF4,9314,Homo sapiens,9606.0,27344345|30703373
klf4,Cholic Acids,D002793,,KLF4,9314,Homo sapiens,9606.0,27344345
klf4,chromium hexavalent ion,C074702,18540-29-9,KLF4,9314,Homo sapiens,9606.0,30690063
klf4,Cisplatin,D002945,15663-27-1,KLF4,9314,Homo sapiens,9606.0,21833590|21858171|27392435|33969609
klf4,Coumestrol,D003375,479-13-0,KLF4,9314,Homo sapiens,9606.0,19167446
klf4,Cyclophosphamide,D003520,50-18-0,KLF4,9314,Homo sapiens,9606.0,21833590
klf4,Cyclosporine,D016572,59865-13-3,KLF4,9314,Homo sapiens,9606.0,20106945|25562108|27344345|27989131
klf4,DDT,D003634,50-29-3,KLF4,9314,Homo sapiens,9606.0,33728745
klf4,deoxynivalenol,C007262,51481-10-8,KLF4,9314,Homo sapiens,9606.0,33890134
klf4,Dichloroacetic Acid,D003999,79-43-6,KLF4,9314,Homo sapiens,9606.0,33405312
klf4,Dieldrin,D004026,60-57-1,KLF4,9314,Homo sapiens,9606.0,31068361
klf4,Dietary Carbohydrates,D004040,,KLF4,9314,Homo sapiens,9606.0,17490981
klf4,Dihydrotestosterone,D013196,521-18-6,KLF4,9314,Homo sapiens,9606.0,29581250
klf4,dinophysistoxin 1,C051904,,KLF4,9314,Homo sapiens,9606.0,28939011
klf4,dorsomorphin,C516138,,KLF4,9314,Homo sapiens,9606.0,27188386
klf4,Doxorubicin,D004317,23214-92-8,KLF4,9314,Homo sapiens,9606.0,29803840
klf4,Dronabinol,D013759,,KLF4,9314,Homo sapiens,9606.0,26504004
klf4,entinostat,C118739,,KLF4,9314,Homo sapiens,9606.0,26272509|27188386
klf4,epigallocatechin gallate,C045651,989-51-5,KLF4,9314,Homo sapiens,9606.0,22079256
klf4,"erucylphospho-N,N,N-trimethylpropylammonium",C472787,,KLF4,9314,Homo sapiens,9606.0,29464035
klf4,Estradiol,D004958,50-28-2,KLF4,9314,Homo sapiens,9606.0,19619570|21185374|21795739|31614463|33728745
klf4,Ethinyl Estradiol,D004997,57-63-6,KLF4,9314,Homo sapiens,9606.0,18936297|20170705|26865667
klf4,ethylbenzene,C004912,100-41-4,KLF4,9314,Homo sapiens,9606.0,26018793
klf4,Etoposide,D005047,33419-42-0,KLF4,9314,Homo sapiens,9606.0,33969609
klf4,Fluorouracil,D005472,51-21-8,KLF4,9314,Homo sapiens,9606.0,16557594|17039268|21833590
klf4,Formaldehyde,D005557,50-00-0,KLF4,9314,Homo sapiens,9606.0,20655997|23416264
klf4,Genistein,D019833,446-72-0,KLF4,9314,Homo sapiens,9606.0,26865667|29899271
klf4,geraniol,C007836,624-15-7,KLF4,9314,Homo sapiens,9606.0,27683099
klf4,ginsenoside Rg3,C097367,,KLF4,9314,Homo sapiens,9606.0,31916386
klf4,Glutathione,D005978,70-18-8,KLF4,9314,Homo sapiens,9606.0,21833590
klf4,Indomethacin,D007213,53-86-1,KLF4,9314,Homo sapiens,9606.0,16984733
klf4,Ionomycin,D015759,56092-81-0,KLF4,9314,Homo sapiens,9606.0,15477007
klf4,Irinotecan,D000077146,,KLF4,9314,Homo sapiens,9606.0,18927307
klf4,jinfukang,C544151,,KLF4,9314,Homo sapiens,9606.0,27392435
klf4,(+)-JQ1 compound,C561695,,KLF4,9314,Homo sapiens,9606.0,26830473
klf4,Lamivudine,D019259,134678-17-4,KLF4,9314,Homo sapiens,9606.0,15784690
klf4,licochalcone B,C541528,,KLF4,9314,Homo sapiens,9606.0,33647349
klf4,Magnetite Nanoparticles,D058185,,KLF4,9314,Homo sapiens,9606.0,26378955
klf4,"malondialdehyde-low density lipoprotein, human",C569869,,KLF4,9314,Homo sapiens,9606.0,29104011
klf4,Manganese,D008345,7439-96-5,KLF4,9314,Homo sapiens,9606.0,17175027
klf4,manganese chloride,C025340,7773-01-5,KLF4,9314,Homo sapiens,9606.0,17175027
klf4,Medroxyprogesterone Acetate,D017258,71-58-9,KLF4,9314,Homo sapiens,9606.0,18497975
klf4,methylmercuric chloride,C004925,115-09-3,KLF4,9314,Homo sapiens,9606.0,28001369
klf4,methylselenic acid,C008493,,KLF4,9314,Homo sapiens,9606.0,14617803|18314491
klf4,"Nanotubes, Carbon",D037742,,KLF4,9314,Homo sapiens,9606.0,31047983
klf4,napabucasin,C000621033,,KLF4,9314,Homo sapiens,9606.0,25605917|26899963
klf4,naphthenic acid,C046170,1338-24-5,KLF4,9314,Homo sapiens,9606.0,35259347
klf4,netoglitazone,C115174,,KLF4,9314,Homo sapiens,9606.0,22750490
klf4,nickel chloride,C022838,7718-54-9,KLF4,9314,Homo sapiens,9606.0,26962057
klf4,nickel sulfate,C029938,7786-81-4,KLF4,9314,Homo sapiens,9606.0,16780908
klf4,N-Nitrosopyrrolidine,D009242,930-55-2,KLF4,9314,Homo sapiens,9606.0,32234424
klf4,NSC668394,C570897,,KLF4,9314,Homo sapiens,9606.0,27137931
klf4,"o,p'-DDT",C016340,789-02-6,KLF4,9314,Homo sapiens,9606.0,33728745
klf4,Oxygen,D010100,7782-44-7,KLF4,9314,Homo sapiens,9606.0,17175027|27103661|34998824
klf4,Oxytocin,D010121,50-56-6,KLF4,9314,Homo sapiens,9606.0,29104011
klf4,Panobinostat,D000077767,,KLF4,9314,Homo sapiens,9606.0,27188386
klf4,PCI 5002,C568608,,KLF4,9314,Homo sapiens,9606.0,18593933
klf4,perfluoro-n-nonanoic acid,C101816,375-95-1,KLF4,9314,Homo sapiens,9606.0,32588087
klf4,Piroxicam,D010894,36322-90-4,KLF4,9314,Homo sapiens,9606.0,21858171
klf4,Plant Oils,D010938,,KLF4,9314,Homo sapiens,9606.0,23370395
klf4,Polychlorinated Biphenyls,D011078,,KLF4,9314,Homo sapiens,9606.0,21334430
klf4,Poly I-C,D011070,,KLF4,9314,Homo sapiens,9606.0,29486283
klf4,potassium chromate(VI),C027373,7789-00-6,KLF4,9314,Homo sapiens,9606.0,22079256|22714537
klf4,Progesterone,D011374,57-83-0,KLF4,9314,Homo sapiens,9606.0,21795739
klf4,pyrrolidine dithiocarbamic acid,C020972,25769-03-3,KLF4,9314,Homo sapiens,9606.0,15477007
klf4,Quercetin,D011794,117-39-5,KLF4,9314,Homo sapiens,9606.0,21632981
klf4,Resveratrol,D000077185,,KLF4,9314,Homo sapiens,9606.0,21205742
klf4,Silicon Dioxide,D012822,7631-86-9,KLF4,9314,Homo sapiens,9606.0,23806026
klf4,Silver,D012834,7440-22-4,KLF4,9314,Homo sapiens,9606.0,26014281
klf4,sodium arsenite,C017947,13768-07-5,KLF4,9314,Homo sapiens,9606.0,12377979|23562784|32802178
klf4,Succimer,D004113,304-55-2,KLF4,9314,Homo sapiens,9606.0,26378955
klf4,sulforaphane,C016766,,KLF4,9314,Homo sapiens,9606.0,29899271
klf4,Testosterone,D013739,58-22-0,KLF4,9314,Homo sapiens,9606.0,33728745
klf4,Tetrachlorodibenzodioxin,D013749,1746-01-6,KLF4,9314,Homo sapiens,9606.0,12377990|17101203|19619570|23152189
klf4,Tetradecanoylphorbol Acetate,D013755,16561-29-8,KLF4,9314,Homo sapiens,9606.0,15477007
klf4,Thimerosal,D013849,54-64-8,KLF4,9314,Homo sapiens,9606.0,16870260
klf4,Tobacco Smoke Pollution,D014028,,KLF4,9314,Homo sapiens,9606.0,28065790|33660061
klf4,Toluene,D014050,108-88-3,KLF4,9314,Homo sapiens,9606.0,26018793
klf4,"trans-10,cis-12-conjugated linoleic acid",C496197,,KLF4,9314,Homo sapiens,9606.0,17951470
klf4,Tretinoin,D014212,302-79-4,KLF4,9314,Homo sapiens,9606.0,16249480|21934132|30093655
klf4,"tris(1,3-dichloro-2-propyl)phosphate",C016805,13674-87-8,KLF4,9314,Homo sapiens,9606.0,26179874
klf4,tris(2-butoxyethyl) phosphate,C013320,78-51-3,KLF4,9314,Homo sapiens,9606.0,29024780
klf4,Urethane,D014520,51-79-6,KLF4,9314,Homo sapiens,9606.0,28818685
klf4,Valproic Acid,D014635,99-66-1,KLF4,9314,Homo sapiens,9606.0,23179753|24383497|26272509|27188386|28001369|28853863|29154799|29201983
klf4,Water Pollutants,D014873,,KLF4,9314,Homo sapiens,9606.0,35259347
klf4,XMU-MP-1,C000625617,,KLF4,9314,Homo sapiens,9606.0,33405312
klf4,Xylenes,D014992,,KLF4,9314,Homo sapiens,9606.0,26018793
klf4,Zidovudine,D015215,30516-87-1,KLF4,9314,Homo sapiens,9606.0,15784690
klf4,Zinc,D015032,7440-66-6,KLF4,9314,Homo sapiens,9606.0,18593933
myc,10074-G5,C534883,,MYC,4609,Homo sapiens,9606.0,25716159|26036281|32184358
myc,"1,25-dihydroxyvitamin D",C097949,66772-14-3,MYC,4609,Homo sapiens,9606.0,23112173
myc,"1-(2-chlorobenzyl)-5'-phenyl-3'H-spiro(indoline-3,2'-(1,3,4)thiadiazol)-2-one",C569107,,MYC,4609,Homo sapiens,9606.0,23826121
myc,"14-deoxy-11,12-didehydroandrographolide",C495626,,MYC,4609,Homo sapiens,9606.0,22101062
myc,"1,4-phenylenebis(methylene)selenocyanate",C074153,85539-83-9,MYC,4609,Homo sapiens,9606.0,12844480
myc,"1,4-phenylenebis(methylene)selenocyanate, glutathione conjugate",C477941,,MYC,4609,Homo sapiens,9606.0,12844480
myc,"1,6-hexamethylene diisocyanate",C015262,822-06-0,MYC,4609,Homo sapiens,9606.0,24211530
myc,17-(dimethylaminoethylamino)-17-demethoxygeldanamycin,C448659,,MYC,4609,Homo sapiens,9606.0,19440035
myc,"1,7-diphenyl-5-heptene-3-one",C557531,,MYC,4609,Homo sapiens,9606.0,19654927
myc,1'-acetoxychavicol acetate,C047948,,MYC,4609,Homo sapiens,9606.0,15905586
myc,1-Methyl-4-phenylpyridinium,D015655,48134-75-4,MYC,4609,Homo sapiens,9606.0,14649730|19239227|25234470
myc,"2-(1H-indazol-4-yl)-6-(4-methanesulfonylpiperazin-1-ylmethyl)-4-morpholin-4-ylthieno(3,2-d)pyrimidine",C532162,,MYC,4609,Homo sapiens,9606.0,23318440
myc,2-(2-amino-3-methoxyphenyl)-4H-1-benzopyran-4-one,C093973,,MYC,4609,Homo sapiens,9606.0,17513607|17828804|19135467
myc,"2,4,5,2',4',5'-hexachlorobiphenyl",C014024,35065-27-1,MYC,4609,Homo sapiens,9606.0,27589886
myc,"2,4-decadienal",C057349,2363-88-4,MYC,4609,Homo sapiens,9606.0,12921975
myc,2-(4-morpholinyl)-8-phenyl-4H-1-benzopyran-4-one,C085911,154447-36-6,MYC,4609,Homo sapiens,9606.0,35122754
myc,27-hydroxycholesterol,C076996,,MYC,4609,Homo sapiens,9606.0,33880675
myc,"2-amino-1-methyl-6-phenylimidazo(4,5-b)pyridine",C049584,105650-23-5,MYC,4609,Homo sapiens,9606.0,15319301
myc,"2-amino-4-(3,4-(methylenedioxy)benzylamino)-6-(3-methoxyphenyl)pyrimidine",C581356,,MYC,4609,Homo sapiens,9606.0,32325081
myc,2-amino-6-chloro-alpha-cyano-3-(ethoxycarbonyl)-4H-1-benzopyran-4-acetic acid ethyl ester,C000614067,,MYC,4609,Homo sapiens,9606.0,33549581
myc,2-anisidine,C003898,90-04-0,MYC,4609,Homo sapiens,9606.0,28089782
myc,2-hydroxyestradiol,C001390,362-05-0,MYC,4609,Homo sapiens,9606.0,23685341
myc,"3-(2-(dimethylamino)isopropoxy)-1-hydroxybenzo(b)naphtho(2,3-d)furan-6,11-dione",C560905,,MYC,4609,Homo sapiens,9606.0,21600193
myc,"3,3',4,5'-tetrahydroxystilbene",C041525,4339-71-3,MYC,4609,Homo sapiens,9606.0,12663506|22245592
myc,"3,3'-diindolylmethane",C016392,1968-05-4,MYC,4609,Homo sapiens,9606.0,22290291
myc,"3,4',5-trimethoxystilbene",C497286,,MYC,4609,Homo sapiens,9606.0,23921149
myc,3-((6-(2-methoxyphenyl)pyrimidin-4-yl)amino)phenyl)methane sulfonamide,C000590771,,MYC,4609,Homo sapiens,9606.0,24102143|31594641
myc,3-adenin-9-yl-2-hydroxypropanoic acid isobutyl ester,C048336,94458-82-9,MYC,4609,Homo sapiens,9606.0,18045574
myc,3-aminobenzamide,C025160,,MYC,4609,Homo sapiens,9606.0,15670817
myc,3-deazaadenosine,C018258,6736-58-9,MYC,4609,Homo sapiens,9606.0,11190270
myc,3-deazaneplanocin,C048460,102052-95-9,MYC,4609,Homo sapiens,9606.0,18538736|23538750
myc,3-hydroxy-4-prenyl-5-methoxystilbene-2-carboxylic acid,C549543,,MYC,4609,Homo sapiens,9606.0,25716159
myc,"4-(2,6-dichlorobenzoylamino)-1H-pyrazole-3-carboxylic acid piperidin-4-ylamide",C531230,,MYC,4609,Homo sapiens,9606.0,32802093
myc,"4,4',4''-(4-propyl-((1)H)-pyrazole-1,3,5-triyl) tris-phenol",C486184,,MYC,4609,Homo sapiens,9606.0,20219890
myc,"4-(4-((5-(4,5-dimethyl-2-nitrophenyl)-2-furanyl)methylene)-4,5-dihydro-3-methyl-5-oxo-1H-pyrazol-1-yl)benzoic acid",C584509,,MYC,4609,Homo sapiens,9606.0,25982114
myc,"4,4'-bisphenol F",C008745,620-94-8,MYC,4609,Homo sapiens,9606.0,30195206
myc,"4,4'-hexafluorisopropylidene diphenol",C583074,,MYC,4609,Homo sapiens,9606.0,30590302|31059536
myc,"4-((4-hydroxyphenylimino)methyl)benzene-1,2-diol",C580935,,MYC,4609,Homo sapiens,9606.0,25242450
myc,"4-(5-benzo(1,3)dioxol-5-yl-4-pyridin-2-yl-1H-imidazol-2-yl)benzamide",C459179,,MYC,4609,Homo sapiens,9606.0,27188386
myc,"4-(6-bromo-1,3-benzodioxol-5-yl)-3a,4,5,9b-3H-cyclopenta(c)quinoline",C568862,,MYC,4609,Homo sapiens,9606.0,30590302
myc,"4-chloro-N-((4-(1,1-dimethylethyl)phenyl)methyl)-3-ethyl-1-methyl-1H-pyrazole-5-carboxamide",C429623,119168-77-3,MYC,4609,Homo sapiens,9606.0,33512557
myc,4-fluorobenzoyl-TN-14003,C477728,,MYC,4609,Homo sapiens,9606.0,19584281
myc,4-hydroxy-2-nonenal,C027576,29343-52-0,MYC,4609,Homo sapiens,9606.0,12419474
myc,4-hydroxy-equilenin,C065250,81608-60-8,MYC,4609,Homo sapiens,9606.0,15135645
myc,4-hydroxyestradiol,C014036,5976-61-4,MYC,4609,Homo sapiens,9606.0,23685341
myc,4-hydroxy-N-desmethyltamoxifen,C055492,,MYC,4609,Homo sapiens,9606.0,19244106
myc,4-(N-methyl-N-nitrosamino)-1-(3-pyridyl)-1-butanone,C016583,64091-91-4,MYC,4609,Homo sapiens,9606.0,17459420
myc,"5,10,15,20-(tetra(N-methyl-3-pyridyl))-26,28-diselenasapphyrin chloride",C499730,,MYC,4609,Homo sapiens,9606.0,15740131
myc,5-(4-ethylbenzylidene)-2-thioxothiazolidin-4-one,C524814,,MYC,4609,Homo sapiens,9606.0,19408305|21447800|24793789|25716159|26036281|26474287
myc,5-fluoropyrimidin-2-one beta-ribofuranoside,C059356,64967-16-4,MYC,4609,Homo sapiens,9606.0,18045574
myc,5-nitroso-8-quinolinol,C510786,,MYC,4609,Homo sapiens,9606.0,16497787
myc,6-isopropoxy-9-oxoxanthene-2-carboxylic acid,C053876,33458-93-4,MYC,4609,Homo sapiens,9606.0,19407222
myc,"7,8-Dihydro-7,8-dihydroxybenzo(a)pyrene 9,10-oxide",D015123,55097-80-8,MYC,4609,Homo sapiens,9606.0,19150397
myc,7-aminocephalosporanic acid,C030735,957-68-6,MYC,4609,Homo sapiens,9606.0,24211530
myc,"7-(benzylamino)-1,3,4,8-tetrahydropyrrolo(4,3,2-de)quinolin-8(1H)-one",C553817,,MYC,4609,Homo sapiens,9606.0,19936915
myc,8-Bromo Cyclic Adenosine Monophosphate,D015124,23583-48-4,MYC,4609,Homo sapiens,9606.0,22079614
myc,8-bromocyclic GMP,C016276,31356-94-2,MYC,4609,Homo sapiens,9606.0,17828804
myc,"9,10-Dimethyl-1,2-benzanthracene",D015127,57-97-6,MYC,4609,Homo sapiens,9606.0,29663660
myc,"9-(2,3-dihydroxypropyl)adenine",C016391,55904-02-4,MYC,4609,Homo sapiens,9606.0,18045574
myc,abexinostat,C512352,,MYC,4609,Homo sapiens,9606.0,19417023
myc,Acetaminophen,D000082,103-90-2,MYC,4609,Homo sapiens,9606.0,11896290|20732408|29067470|9444671
myc,Acetylcysteine,D000111,616-91-1,MYC,4609,Homo sapiens,9606.0,16497787|21600978|24355586|29944906
myc,acetylleucyl-leucyl-norleucinal,C063261,110044-82-1,MYC,4609,Homo sapiens,9606.0,29974605
myc,Acids,D000143,,MYC,4609,Homo sapiens,9606.0,18512153
myc,Aconitine,D000157,302-27-2,MYC,4609,Homo sapiens,9606.0,32234357
myc,Acrolein,D000171,107-02-8,MYC,4609,Homo sapiens,9606.0,24211530|32699268
myc,Acrylamide,D020106,79-06-1,MYC,4609,Homo sapiens,9606.0,32763439
myc,Adenosine,D000241,58-61-7,MYC,4609,Homo sapiens,9606.0,9808420
myc,aeroplysinin I,C042151,28656-91-9,MYC,4609,Homo sapiens,9606.0,27120392
myc,afimoxifene,C016601,68392-35-8,MYC,4609,Homo sapiens,9606.0,15072547|15528270|16093440|21233418|27514991
myc,Aflatoxin B1,D016604,1162-65-8,MYC,4609,Homo sapiens,9606.0,20106945|27153756
myc,AG 1879,C412373,,MYC,4609,Homo sapiens,9606.0,17186241
myc,AGN 194204,C430898,,MYC,4609,Homo sapiens,9606.0,21080969
myc,AH 23848,C046926,81443-73-4,MYC,4609,Homo sapiens,9606.0,19407222
myc,Air Pollutants,D000393,,MYC,4609,Homo sapiens,9606.0,32699268
myc,Allethrins,D000487,,MYC,4609,Homo sapiens,9606.0,20143881
myc,"alpha-cyano-(3,4-dihydroxy)-N-benzylcinnamide",C095512,,MYC,4609,Homo sapiens,9606.0,18592012|24587049
myc,alpha-pinene,C005451,80-56-8,MYC,4609,Homo sapiens,9606.0,32699268
myc,aluminum citrate,C455846,31142-56-0,MYC,4609,Homo sapiens,9606.0,11198217
myc,Amifostine,D004999,20537-88-6,MYC,4609,Homo sapiens,9606.0,14555708
myc,"ammonium 2,3,3,3-tetrafluoro-2-(heptafluoropropoxy)-propanoate",C000611729,,MYC,4609,Homo sapiens,9606.0,32790152
myc,ammonium hexachloroplatinate,C018453,16919-58-7,MYC,4609,Homo sapiens,9606.0,24211530
myc,Amsacrine,D000677,,MYC,4609,Homo sapiens,9606.0,11585056
myc,amurensin G,C553921,,MYC,4609,Homo sapiens,9606.0,22245592
myc,anacardic acid,C088115,18654-18-7,MYC,4609,Homo sapiens,9606.0,18349320
myc,Anisomycin,D000841,22862-76-6,MYC,4609,Homo sapiens,9606.0,24247028
myc,Antimycin A,D000968,642-15-9,MYC,4609,Homo sapiens,9606.0,33512557
myc,Antirheumatic Agents,D018501,,MYC,4609,Homo sapiens,9606.0,24449571
myc,Aprepitant,D000077608,,MYC,4609,Homo sapiens,9606.0,30145367
myc,(arginine)9-cysteinyl-glutaminyl-cysteinyl-arginyl-arginyl-lysyl-asparagine,C582521,,MYC,4609,Homo sapiens,9606.0,26833129
myc,aristolochic acid I,C000228,313-67-7,MYC,4609,Homo sapiens,9606.0,33212167
myc,arsenic acid,C025657,7778-39-4,MYC,4609,Homo sapiens,9606.0,29355690
myc,arsenic disulfide,C058317,56320-22-0,MYC,4609,Homo sapiens,9606.0,24648990
myc,Arsenic Trioxide,D000077237,1327-53-3,MYC,4609,Homo sapiens,9606.0,11714746|11775218|12903497|12903512|15283693|15761015|19408305|19769630|20953137|21078540|22944098|23851143|25174355|25335113|25436934|26046465|26966376|27039805|28565807|28901456|29059232|29355690|29486283|29574283|29944906|30012499|30093655|30145367|30316766|31539632
myc,arsenite,C015001,15502-74-6,MYC,4609,Homo sapiens,9606.0,31646340
myc,artenimol,C039060,,MYC,4609,Homo sapiens,9606.0,26036281
myc,ARV-825,C000606252,,MYC,4609,Homo sapiens,9606.0,26051217
myc,"Asbestos, Crocidolite",D017638,12001-28-4,MYC,4609,Homo sapiens,9606.0,18687144|23634900
myc,"Asbestos, Serpentine",D017632,,MYC,4609,Homo sapiens,9606.0,11198217
myc,Aspartame,D001218,22839-47-0,MYC,4609,Homo sapiens,9606.0,33992720
myc,Aspirin,D001241,50-78-2,MYC,4609,Homo sapiens,9606.0,11906190|16878161|20457246|21721879
myc,Atorvastatin,D000069059,,MYC,4609,Homo sapiens,9606.0,29630879
myc,Atrazine,D001280,1912-24-9,MYC,4609,Homo sapiens,9606.0,22378314
myc,Azacitidine,D001374,320-67-2,MYC,4609,Homo sapiens,9606.0,18045574|19451745
myc,azaspiracid,C406592,,MYC,4609,Homo sapiens,9606.0,28939011
myc,bathocuproine sulfonate,C028559,73348-75-1,MYC,4609,Homo sapiens,9606.0,15477007
myc,benzamide,C037689,27208-38-4,MYC,4609,Homo sapiens,9606.0,17157789
myc,Benzo(a)pyrene,D001564,50-32-8,MYC,4609,Homo sapiens,9606.0,20064835|20106945|20624995
myc,Benzoates,D001565,,MYC,4609,Homo sapiens,9606.0,29472718
myc,Benzoic Acid,D019817,,MYC,4609,Homo sapiens,9606.0,19239227|26088127
myc,benzyloxycarbonylleucyl-leucyl-leucine aldehyde,C072553,,MYC,4609,Homo sapiens,9606.0,20046830|20945414|21472727|24793789|25897075|28548306
myc,betulin,C002503,473-98-3,MYC,4609,Homo sapiens,9606.0,33181113
myc,betulinic acid,C002070,472-15-1,MYC,4609,Homo sapiens,9606.0,33181113
myc,bicalutamide,C053541,,MYC,4609,Homo sapiens,9606.0,15638997|24759320|28500234
myc,bis(4-hydroxyphenyl)sulfone,C543008,80-09-1,MYC,4609,Homo sapiens,9606.0,33605785
myc,bisbenzimide ethoxide trihydrochloride,C017807,,MYC,4609,Homo sapiens,9606.0,19239227
myc,bisphenol A,C006780,80-05-7,MYC,4609,Homo sapiens,9606.0,16474171|20170705|21826169|23019147|25933419|29718440|32387340|34910997
myc,bisphenol B,C492482,,MYC,4609,Homo sapiens,9606.0,32387340
myc,bis(tri-n-butyltin)oxide,C005961,,MYC,4609,Homo sapiens,9606.0,24247028
myc,bleomycetin,C025703,11116-32-8,MYC,4609,Homo sapiens,9606.0,21040473
myc,Bortezomib,D000069286,,MYC,4609,Homo sapiens,9606.0,12902978|18641367|19417023|20022965
myc,BP-1-102,C000595192,,MYC,4609,Homo sapiens,9606.0,26088127
myc,broussochalcone A,C106525,99217-68-2,MYC,4609,Homo sapiens,9606.0,31163223
myc,Bucladesine,D003994,362-74-3,MYC,4609,Homo sapiens,9606.0,7798212|9187264
myc,bufalin,C022777,465-21-4,MYC,4609,Homo sapiens,9606.0,7658701
myc,Busulfan,D002066,55-98-1,MYC,4609,Homo sapiens,9606.0,20933509
myc,butylbenzyl phthalate,C027561,85-68-7,MYC,4609,Homo sapiens,9606.0,30243731
myc,butylparaben,C038091,94-26-8,MYC,4609,Homo sapiens,9606.0,26502914
myc,Butyrates,D002087,,MYC,4609,Homo sapiens,9606.0,12414619
myc,Butyric Acid,D020148,107-92-6,MYC,4609,Homo sapiens,9606.0,9007151
myc,Cacodylic Acid,D002101,75-60-5,MYC,4609,Homo sapiens,9606.0,23192986
myc,Cadmium,D002104,7440-43-9,MYC,4609,Homo sapiens,9606.0,11738272|14499349|20049202|22884995|24015267|31646340
myc,Cadmium Chloride,D019256,10108-64-2,MYC,4609,Homo sapiens,9606.0,1626475|20219890|23941782|26525392|32512071|33865896
myc,cadmium sulfate,C037123,10124-36-4,MYC,4609,Homo sapiens,9606.0,21783983
myc,calcein AM,C085925,148504-34-1,MYC,4609,Homo sapiens,9606.0,19239227
myc,Calcitriol,D002117,32222-06-3,MYC,4609,Homo sapiens,9606.0,12414619|12875902|16051482|21592394|3093070|8243807
myc,Camptothecin,D002166,7689-03-4,MYC,4609,Homo sapiens,9606.0,30266318|30851366
myc,candoxin,C459604,,MYC,4609,Homo sapiens,9606.0,16309724
myc,Cannabidiol,D002185,13956-29-1,MYC,4609,Homo sapiens,9606.0,30096889
myc,Capsaicin,D002211,404-86-4,MYC,4609,Homo sapiens,9606.0,19502594|9461043
myc,captax,C005563,149-30-4,MYC,4609,Homo sapiens,9606.0,24211530
myc,Carbamazepine,D002220,298-46-4,MYC,4609,Homo sapiens,9606.0,24752500|25979313
myc,Carbofuran,D002235,1563-66-2,MYC,4609,Homo sapiens,9606.0,22445671
myc,Carboplatin,D016190,41575-94-4,MYC,4609,Homo sapiens,9606.0,21324178
myc,catechol,C034221,120-80-9,MYC,4609,Homo sapiens,9606.0,12749906
myc,celastrol,C050414,,MYC,4609,Homo sapiens,9606.0,26474287|31715269
myc,Celecoxib,D000068579,,MYC,4609,Homo sapiens,9606.0,19682443
myc,Cellfood,C532683,,MYC,4609,Homo sapiens,9606.0,24598211
myc,CGP049090,C538948,,MYC,4609,Homo sapiens,9606.0,14749129|19067737
myc,CGP 52608,C092451,87958-67-6,MYC,4609,Homo sapiens,9606.0,28238834
myc,Chalcone,D002599,94-41-7,MYC,4609,Homo sapiens,9606.0,20620131
myc,Chelating Agents,D002614,,MYC,4609,Homo sapiens,9606.0,30911355
myc,chelerythrine,C016299,34316-15-9,MYC,4609,Homo sapiens,9606.0,31151226
myc,Chir 99021,C473711,,MYC,4609,Homo sapiens,9606.0,25897075
myc,Chlorambucil,D002699,305-03-3,MYC,4609,Homo sapiens,9606.0,8822937
myc,chloropicrin,C100187,76-06-2,MYC,4609,Homo sapiens,9606.0,24211530|26352163|28476498
myc,Chlorpromazine,D002746,50-53-3,MYC,4609,Homo sapiens,9606.0,30703373
myc,Chlorpyrifos,D004390,2921-88-2,MYC,4609,Homo sapiens,9606.0,33930485
myc,chromium hexavalent ion,C074702,18540-29-9,MYC,4609,Homo sapiens,9606.0,19616015|27323401|31504995|32525551
myc,ciglitazone,C039671,74772-77-3,MYC,4609,Homo sapiens,9606.0,21080969
myc,cinnamaldehyde,C012843,,MYC,4609,Homo sapiens,9606.0,21729535|24211530
myc,cinobufagin,C002471,470-37-1,MYC,4609,Homo sapiens,9606.0,21215801
myc,Cisplatin,D002945,15663-27-1,MYC,4609,Homo sapiens,9606.0,11099651|16797627|16803524|17628013|20705681|20890087|21324178|21447800|23300844|27392435|27594783|29944906|31303961
myc,Clofarabine,D000077866,123318-82-1,MYC,4609,Homo sapiens,9606.0,20933509
myc,Clofibrate,D002994,637-07-0,MYC,4609,Homo sapiens,9606.0,21080969
myc,Clotrimazole,D003022,23593-75-1,MYC,4609,Homo sapiens,9606.0,10223459
myc,cobaltous chloride,C018021,7646-79-9,MYC,4609,Homo sapiens,9606.0,17553155|19320972|22245592
myc,Copper,D003300,7440-50-8,MYC,4609,Homo sapiens,9606.0,20971185|30911355
myc,Coumestrol,D003375,479-13-0,MYC,4609,Homo sapiens,9606.0,18310284
myc,CP 31398,C402665,,MYC,4609,Homo sapiens,9606.0,15155752
myc,crocin,C029036,42553-65-1,MYC,4609,Homo sapiens,9606.0,32886819
myc,cupric oxide,C030973,1317-38-0,MYC,4609,Homo sapiens,9606.0,22077320
myc,Curcumin,D003474,458-37-7,MYC,4609,Homo sapiens,9606.0,15713895|15911101|16219905|16243823|17041101
myc,cyanoginosin LR,C057862,,MYC,4609,Homo sapiens,9606.0,20421190|24607848|26506538|28062358
myc,Cycloheximide,D003513,66-81-9,MYC,4609,Homo sapiens,9606.0,31285264
myc,Cyclosporine,D016572,59865-13-3,MYC,4609,Homo sapiens,9606.0,20106945|25562108|27989131|33631201
myc,Dactinomycin,D003609,50-76-0,MYC,4609,Homo sapiens,9606.0,16001973|21527772
myc,daidzein,C004742,486-66-8,MYC,4609,Homo sapiens,9606.0,17266178
myc,darinaparsin,C515055,,MYC,4609,Homo sapiens,9606.0,25316819
myc,Dasatinib,D000069439,,MYC,4609,Homo sapiens,9606.0,23825585
myc,DDT,D003634,50-29-3,MYC,4609,Homo sapiens,9606.0,24968063
myc,Decitabine,D000077209,2353-33-5,MYC,4609,Homo sapiens,9606.0,17185465|17417771|18045574|19363521|19732952|23300844
myc,Deferoxamine,D003676,70-51-9,MYC,4609,Homo sapiens,9606.0,12393473|20046830|22245592
myc,deguelin,C107676,522-17-8,MYC,4609,Homo sapiens,9606.0,17015749|21472727|33512557
myc,deoxynivalenol,C007262,51481-10-8,MYC,4609,Homo sapiens,9606.0,24247028
myc,destruxin B,C040424,,MYC,4609,Homo sapiens,9606.0,22465936|24434019
myc,Dexamethasone,D003907,50-02-2,MYC,4609,Homo sapiens,9606.0,12782123|23137833|2558650
myc,diallyl trisulfide,C042577,2050-87-5,MYC,4609,Homo sapiens,9606.0,23754639|27129776|29626521
myc,Diarylheptanoids,D036381,,MYC,4609,Homo sapiens,9606.0,19654927
myc,dibenzoylmethane,C061481,120-46-7,MYC,4609,Homo sapiens,9606.0,16051634
myc,Dichlorodiphenyl Dichloroethylene,D003633,72-55-9,MYC,4609,Homo sapiens,9606.0,25386960|27589886
myc,Diclofenac,D004008,15307-86-5,MYC,4609,Homo sapiens,9606.0,19022234|24752500
myc,dicrotophos,C000944,3735-78-2,MYC,4609,Homo sapiens,9606.0,28302478
myc,Diethylhexyl Phthalate,D004051,117-81-7,MYC,4609,Homo sapiens,9606.0,16455614|30944277
myc,Diethylstilbestrol,D004054,56-53-1,MYC,4609,Homo sapiens,9606.0,15766595
myc,Dihydrotestosterone,D013196,521-18-6,MYC,4609,Homo sapiens,9606.0,20945400|24759320|28757136
myc,Dimaprit,D017259,65119-89-3,MYC,4609,Homo sapiens,9606.0,9187264
myc,dimethoxycurcumin,C521105,,MYC,4609,Homo sapiens,9606.0,33582110
myc,Dimethyl Sulfoxide,D004121,67-68-5,MYC,4609,Homo sapiens,9606.0,7798212
myc,Dinitrochlorobenzene,D004137,,MYC,4609,Homo sapiens,9606.0,17374397
myc,Dinoprostone,D015232,363-24-6,MYC,4609,Homo sapiens,9606.0,1315190|8667251
myc,Diosgenin,D004144,512-04-9,MYC,4609,Homo sapiens,9606.0,16331273
myc,diphenyleneiodonium,C007517,244-54-2,MYC,4609,Homo sapiens,9606.0,31151226
myc,dorsomorphin,C516138,,MYC,4609,Homo sapiens,9606.0,27188386
myc,Doxorubicin,D004317,23214-92-8,MYC,4609,Homo sapiens,9606.0,11585056|15911101|16001973|18802399|21324178|21447800|29803840|32886829
myc,Dronabinol,D013759,,MYC,4609,Homo sapiens,9606.0,18454173|32103029
myc,"Drugs, Chinese Herbal",D004365,,MYC,4609,Homo sapiens,9606.0,19295228|28548306
myc,(E)-2-((2-(benzo(d)thiazol-2-yl)hydrazono)methyl)-4-nitrophenol,C000628644,,MYC,4609,Homo sapiens,9606.0,30107152
myc,EGPI-1 compound,C000721090,,MYC,4609,Homo sapiens,9606.0,34902296
myc,Endosulfan,D004726,115-29-7,MYC,4609,Homo sapiens,9606.0,26159488
myc,enzalutamide,C540278,,MYC,4609,Homo sapiens,9606.0,24759320|25970160|30940724|32184358
myc,Epichlorohydrin,D004811,106-89-8,MYC,4609,Homo sapiens,9606.0,24211530
myc,epigallocatechin gallate,C045651,989-51-5,MYC,4609,Homo sapiens,9606.0,12663506
myc,EPZ004777,C581325,,MYC,4609,Homo sapiens,9606.0,32814769
myc,Erlotinib Hydrochloride,D000069347,,MYC,4609,Homo sapiens,9606.0,34463000
myc,Estradiol,D004958,50-28-2,MYC,4609,Homo sapiens,9606.0,11896290|15072547|15319301|15528270|15833885|16051634|16093440|16155795|16327978|16474171|16839579|17157789|17266178|18556351|18997820|19244106|19584281|19647730|19654927|19698761|19838210|20049119|20106945|20204298|20219890|20404318|20945400|21826169|23019147|23071688|23094148|24758408|26502914|27514991|28965971|31614463|31646340
myc,Estrogens,D004967,,MYC,4609,Homo sapiens,9606.0,17186241|21233418
myc,Ethinyl Estradiol,D004997,57-63-6,MYC,4609,Homo sapiens,9606.0,18936297|20170705|26865667
myc,Ethyl Methanesulfonate,D005020,62-50-0,MYC,4609,Homo sapiens,9606.0,23649840
myc,Etoposide,D005047,33419-42-0,MYC,4609,Homo sapiens,9606.0,21324178|21527772|9454737
myc,Everolimus,D000068338,,MYC,4609,Homo sapiens,9606.0,25537515
myc,evodiamine,C049639,5956-87-6,MYC,4609,Homo sapiens,9606.0,15710601
myc,fedratinib,C528327,,MYC,4609,Homo sapiens,9606.0,26300391
myc,Fenretinide,D017313,65646-68-6,MYC,4609,Homo sapiens,9606.0,16230421|20022965|7811993
myc,Fenthion,D005284,55-38-9,MYC,4609,Homo sapiens,9606.0,21538558
myc,fludarabine,C024352,21679-14-1,MYC,4609,Homo sapiens,9606.0,20933509
myc,Fluorouracil,D005472,51-21-8,MYC,4609,Homo sapiens,9606.0,15585135|16557594|16709241|16803524|17628013|18802399|23941782|34151400
myc,Fluoxetine,D005473,54910-89-3,MYC,4609,Homo sapiens,9606.0,18836303
myc,Formaldehyde,D005557,50-00-0,MYC,4609,Homo sapiens,9606.0,20655997
myc,fosbretabulin,C058728,,MYC,4609,Homo sapiens,9606.0,35122754
myc,Fructose,D005632,30237-26-4,MYC,4609,Homo sapiens,9606.0,2558650
myc,fucoidan,C007789,9072-19-9,MYC,4609,Homo sapiens,9606.0,16201850
myc,Fulvestrant,D000077267,129453-61-8,MYC,4609,Homo sapiens,9606.0,15072547|19654927|20219890|24169358|26502914|27514991|30590302|31059536|31646340
myc,FV-429 compound,C569690,,MYC,4609,Homo sapiens,9606.0,32619556
myc,gallium arsenide,C043055,1303-00-0,MYC,4609,Homo sapiens,9606.0,32457348
myc,gallium nitrate,C027235,13494-90-1,MYC,4609,Homo sapiens,9606.0,18586083
myc,gamma-Linolenic Acid,D017965,,MYC,4609,Homo sapiens,9606.0,15318936
myc,Gefitinib,D000077156,,MYC,4609,Homo sapiens,9606.0,17513607
myc,gemcitabine,C056507,103882-84-4,MYC,4609,Homo sapiens,9606.0,23681918
myc,Genistein,D019833,446-72-0,MYC,4609,Homo sapiens,9606.0,16474171|17266178|21078540|23019147|26865667
myc,ginsenoside Rg3,C097367,,MYC,4609,Homo sapiens,9606.0,31916386
myc,Glucose,D005947,50-99-7,MYC,4609,Homo sapiens,9606.0,2558650|33992720
myc,Glutathione,D005978,70-18-8,MYC,4609,Homo sapiens,9606.0,12226097
myc,Glycerol,D005990,56-81-5,MYC,4609,Homo sapiens,9606.0,2558650
myc,glycidamide,C071834,,MYC,4609,Homo sapiens,9606.0,23287710
myc,glyphosate,C010974,1071-83-6,MYC,4609,Homo sapiens,9606.0,31295307
myc,Grape Seed Proanthocyanidins,C511402,,MYC,4609,Homo sapiens,9606.0,12587719
myc,GSK1210151A,C568713,,MYC,4609,Homo sapiens,9606.0,23792448|26254443|27276402|27292261
myc,GSK3235025,C000599896,,MYC,4609,Homo sapiens,9606.0,31694585
myc,GSK-J4,C000593030,,MYC,4609,Homo sapiens,9606.0,29301935
myc,Guanosine,D006151,118-00-3,MYC,4609,Homo sapiens,9606.0,9381980
myc,GW 4064,C412815,,MYC,4609,Homo sapiens,9606.0,31437187
myc,Harmine,D006247,442-51-3,MYC,4609,Homo sapiens,9606.0,25751815
myc,heat stable toxin (E coli),C034151,,MYC,4609,Homo sapiens,9606.0,17828804
myc,Hemin,D006427,16009-13-5,MYC,4609,Homo sapiens,9606.0,12393473
myc,Heparin,D006493,9005-49-6,MYC,4609,Homo sapiens,9606.0,11787776|16475731
myc,Hexachlorophene,D006582,,MYC,4609,Homo sapiens,9606.0,16735606
myc,hexamethylene bisacetamide,C014026,3073-59-4,MYC,4609,Homo sapiens,9606.0,10597302
myc,honokiol,C005499,35354-74-6,MYC,4609,Homo sapiens,9606.0,27259399
myc,"Hydrocarbons, Chlorinated",D006843,,MYC,4609,Homo sapiens,9606.0,24355586
myc,Hydrogen Peroxide,D006861,7722-84-1,MYC,4609,Homo sapiens,9606.0,12419474|15761015|20044591
myc,hydroquinone,C031927,123-31-9,MYC,4609,Homo sapiens,9606.0,12749906|22245671
myc,Hydroxamic Acids,D006877,,MYC,4609,Homo sapiens,9606.0,26088127
myc,ICG 001,C492448,,MYC,4609,Homo sapiens,9606.0,26191083
myc,Immunologic Factors,D007155,,MYC,4609,Homo sapiens,9606.0,29974605
myc,Indomethacin,D007213,53-86-1,MYC,4609,Homo sapiens,9606.0,10403534|11260862|11756231
myc,INK128,C572449,,MYC,4609,Homo sapiens,9606.0,26536665
myc,Ionomycin,D015759,56092-81-0,MYC,4609,Homo sapiens,9606.0,15477007
myc,Iron,D007501,7439-89-6,MYC,4609,Homo sapiens,9606.0,12393473
myc,jinfukang,C544151,,MYC,4609,Homo sapiens,9606.0,27392435
myc,(+)-JQ1 compound,C561695,,MYC,4609,Homo sapiens,9606.0,21814200|21889194|21949397|22904298|23129625|23403638|23430699|23538750|23582323|23704919|23792448|23828858|23872705|24045185|24231268|24297863|24332044|24394663|24403256|24435446|24435449|24466310|24646477|24657799|24759320|24793789|24796395|24930440|25009295|25053825|25277525|25307878|25535366|25639793|25640480|25762632|25956709|25961927|25982114|25989842|26036281|26051217|26067464|26254443|26284497|26378038|26390243|26397223|26415225|26455392|26575167|26586936|26707881|26752646|26830473|26833129|26877780|27148573|27292261|27432991
myc,JW74 compound,C000593016,,MYC,4609,Homo sapiens,9606.0,31303961
myc,KT 5823,C073601,126643-37-6,MYC,4609,Homo sapiens,9606.0,17828804
myc,Lactic Acid,D019344,50-21-5,MYC,4609,Homo sapiens,9606.0,30851411
myc,Leflunomide,D000077339,75706-12-6,MYC,4609,Homo sapiens,9606.0,28988120
myc,Letrozole,D000077289,112809-51-5,MYC,4609,Homo sapiens,9606.0,20054642
myc,linalool,C018584,78-70-6,MYC,4609,Homo sapiens,9606.0,19922762
myc,Lithium Chloride,D018021,7447-41-8,MYC,4609,Homo sapiens,9606.0,19679347|22493441|24244343|28901456
myc,LY2784544,C581039,,MYC,4609,Homo sapiens,9606.0,26300391
myc,Maleic Anhydrides,D008299,,MYC,4609,Homo sapiens,9606.0,24211530
myc,Masoprocol,D009637,,MYC,4609,Homo sapiens,9606.0,15034932
myc,matrine,C034244,519-02-8,MYC,4609,Homo sapiens,9606.0,11489473
myc,Mebendazole,D008463,31431-39-7,MYC,4609,Homo sapiens,9606.0,31207347|32277947
myc,Memantine,D008559,19982-08-2,MYC,4609,Homo sapiens,9606.0,29226720
myc,Mercury,D008628,7439-97-6,MYC,4609,Homo sapiens,9606.0,16823088
myc,Metformin,D008687,657-24-9,MYC,4609,Homo sapiens,9606.0,19022234|29226720|29309887
myc,methacrylaldehyde,C039175,78-85-3,MYC,4609,Homo sapiens,9606.0,32699268
myc,methaneselenol,C019003,60343-91-1,MYC,4609,Homo sapiens,9606.0,19625696
myc,Methotrexate,D008727,59-05-2,MYC,4609,Homo sapiens,9606.0,17400583
myc,methoxyacetic acid,C013598,625-45-6,MYC,4609,Homo sapiens,9606.0,20049119
myc,methylmercuric chloride,C004925,115-09-3,MYC,4609,Homo sapiens,9606.0,23179753|28001369|34328791
myc,Methyl Methanesulfonate,D008741,66-27-3,MYC,4609,Homo sapiens,9606.0,21527772|23649840
myc,methylselenic acid,C008493,,MYC,4609,Homo sapiens,9606.0,14617803|15833885|16093440|16155795
myc,Mifepristone,D015735,84371-65-3,MYC,4609,Homo sapiens,9606.0,17584828
myc,mirdametinib,C506614,,MYC,4609,Homo sapiens,9606.0,26284497
myc,Mitoxantrone,D008942,65271-80-9,MYC,4609,Homo sapiens,9606.0,8219202
myc,ML 7,C070571,109376-83-2,MYC,4609,Homo sapiens,9606.0,18710790
myc,molibresib,C554645,,MYC,4609,Homo sapiens,9606.0,27292261
myc,mono-(2-ethylhexyl)phthalate,C016599,4376-20-9,MYC,4609,Homo sapiens,9606.0,22321834|30858031|34910997
myc,monomethylarsonic acid,C020300,124-58-3,MYC,4609,Homo sapiens,9606.0,23192986
myc,monomethylarsonous acid,C406082,,MYC,4609,Homo sapiens,9606.0,19945496
myc,moringin,C000614007,,MYC,4609,Homo sapiens,9606.0,30096889
myc,MRK 003,C523799,,MYC,4609,Homo sapiens,9606.0,17646409|19318552|21127729
myc,myricetin,C040015,529-44-2,MYC,4609,Homo sapiens,9606.0,22245592
myc,"N'-(10H-indolo(3,2-b)quinolin-11-yl)-N,N-dimethylpropane-1,3-diamine",C521094,,MYC,4609,Homo sapiens,9606.0,21774525
myc,"N(2)-(2-aminocyclohexyl)-N(6)-(3-chlorophenyl)-9-ethyl-9H-purine-2,6-diamine",C469937,,MYC,4609,Homo sapiens,9606.0,24444383
myc,N-(2-cyclohexyloxy-4-nitrophenyl)methanesulfonamide,C080955,123653-11-2,MYC,4609,Homo sapiens,9606.0,29242151
myc,"N-(2-mercaptoethyl)-1,3-diaminopropane",C020174,,MYC,4609,Homo sapiens,9606.0,12007958
myc,nano-diamino-tetrac,C000626766,,MYC,4609,Homo sapiens,9606.0,29960019
myc,"Nanotubes, Carbon",D037742,,MYC,4609,Homo sapiens,9606.0,23634900|25461681
myc,napabucasin,C000621033,,MYC,4609,Homo sapiens,9606.0,25605917|26899963
myc,naphthalenediimide,C542131,22291-04-9,MYC,4609,Homo sapiens,9606.0,30840857
myc,N-caproylsphingosine,C101954,,MYC,4609,Homo sapiens,9606.0,17521618
myc,n-hexanal,C010463,66-25-1,MYC,4609,Homo sapiens,9606.0,12921975
myc,Nickel,D009532,7440-02-0,MYC,4609,Homo sapiens,9606.0,24768652|25583101
myc,nickel chloride,C022838,7718-54-9,MYC,4609,Homo sapiens,9606.0,28552779
myc,nickel subsulfide,C017557,,MYC,4609,Homo sapiens,9606.0,12760830
myc,nickel sulfate,C029938,7786-81-4,MYC,4609,Homo sapiens,9606.0,17374397|19135467|20046830|23568779
myc,Niclosamide,D009534,50-65-7,MYC,4609,Homo sapiens,9606.0,19160421|20215516|22576131|25970160|25988281|28500234|29843133
myc,Nicotine,D009538,,MYC,4609,Homo sapiens,9606.0,17459420|30836163
myc,Nifedipine,D009543,21829-25-4,MYC,4609,Homo sapiens,9606.0,10695937
myc,nirogacestat,C550722,,MYC,4609,Homo sapiens,9606.0,30940724
myc,Nitrobenzoates,D009579,,MYC,4609,Homo sapiens,9606.0,26036281
myc,Nitroprusside,D009599,15078-28-1,MYC,4609,Homo sapiens,9606.0,7798212
myc,N-methylisoindigotin,C047330,97207-47-1,MYC,4609,Homo sapiens,9606.0,26887594
myc,"N,N-dimethylaniline",C015157,121-69-7,MYC,4609,Homo sapiens,9606.0,21291235
myc,"N,N,N',N'-tetrakis(2-pyridylmethyl)ethylenediamine",C044387,16858-02-9,MYC,4609,Homo sapiens,9606.0,19013360|33645215
myc,nodularin,C063998,,MYC,4609,Homo sapiens,9606.0,27061667
myc,"N-(oxo-5,6-dihydrophenanthridin-2-yl)-N,N-dimethylacetamide hydrochloride",C434926,,MYC,4609,Homo sapiens,9606.0,31303961
myc,NSC668394,C570897,,MYC,4609,Homo sapiens,9606.0,27137931
myc,NSC 689534,C558013,,MYC,4609,Homo sapiens,9606.0,20971185
myc,NVP-BHG712,C000604219,,MYC,4609,Homo sapiens,9606.0,32184358
myc,NVP-BKM120,C571178,,MYC,4609,Homo sapiens,9606.0,30316766|31539632
myc,obeticholic acid,C464660,,MYC,4609,Homo sapiens,9606.0,27939613
myc,ochratoxin A,C025589,303-47-9,MYC,4609,Homo sapiens,9606.0,17316727|30763683|31154016
myc,Okadaic Acid,D019319,78111-17-8,MYC,4609,Homo sapiens,9606.0,31115591
myc,Oleanolic Acid,D009828,508-02-1,MYC,4609,Homo sapiens,9606.0,31401087
myc,oligofectamine,C484027,,MYC,4609,Homo sapiens,9606.0,14668052
myc,Oligonucleotides,D009841,,MYC,4609,Homo sapiens,9606.0,23681918
myc,ON 01910,C507134,,MYC,4609,Homo sapiens,9606.0,19198627
myc,ON123300,C000594117,,MYC,4609,Homo sapiens,9606.0,26873845
myc,oridonin,C011959,28957-04-2,MYC,4609,Homo sapiens,9606.0,31594861
myc,OTX015,C000605331,,MYC,4609,Homo sapiens,9606.0,26051217|27388964
myc,Ouabain,D010042,630-60-4,MYC,4609,Homo sapiens,9606.0,21215801|9653513
myc,Oxaliplatin,D000077150,,MYC,4609,Homo sapiens,9606.0,15204521
myc,Oxazolone,D010081,15646-46-5,MYC,4609,Homo sapiens,9606.0,17374397
myc,Oxygen,D010100,7782-44-7,MYC,4609,Homo sapiens,9606.0,20046830|22245592|23568779|24236059|27292261|33181113
myc,Ozone,D010126,10028-15-6,MYC,4609,Homo sapiens,9606.0,32699268
myc,Paclitaxel,D017239,,MYC,4609,Homo sapiens,9606.0,15907983|16243823|18802399|20705681|29309887|34048126
myc,palbociclib,C500026,,MYC,4609,Homo sapiens,9606.0,27099147
myc,Panobinostat,D000077767,,MYC,4609,Homo sapiens,9606.0,23681230|24435446
myc,Paraquat,D010269,4685-14-7,MYC,4609,Homo sapiens,9606.0,30171970
myc,Particulate Matter,D052638,,MYC,4609,Homo sapiens,9606.0,28366736|9801190
myc,perfluoro-n-nonanoic acid,C101816,375-95-1,MYC,4609,Homo sapiens,9606.0,32588087
myc,perfluorooctane sulfonic acid,C076994,1763-23-1,MYC,4609,Homo sapiens,9606.0,24301089
myc,Pesticides,D010575,,MYC,4609,Homo sapiens,9606.0,21538558
myc,pevonedistat,C539933,,MYC,4609,Homo sapiens,9606.0,25897075
myc,phenethyl isothiocyanate,C058305,2257-09-2,MYC,4609,Homo sapiens,9606.0,27579538
myc,Phenobarbital,D010634,50-06-6,MYC,4609,Homo sapiens,9606.0,19084549|19159669
myc,Phenol,D019800,108-95-2,MYC,4609,Homo sapiens,9606.0,17547211
myc,phenylalanyl-prolyl-arginine methyl chloride,C020924,71142-71-7,MYC,4609,Homo sapiens,9606.0,18597608
myc,Phenytoin,D010672,57-41-0,MYC,4609,Homo sapiens,9606.0,10695937
myc,physapubescin B,C586240,,MYC,4609,Homo sapiens,9606.0,33035574
myc,picene,C056699,213-46-7,MYC,4609,Homo sapiens,9606.0,32251684
myc,pinosylvin,C049032,102-61-4,MYC,4609,Homo sapiens,9606.0,23333577
myc,pisosterol,C522992,,MYC,4609,Homo sapiens,9606.0,21061448
myc,pivalyloxymethyl butyrate,C070441,122110-53-6,MYC,4609,Homo sapiens,9606.0,9007151
myc,PKF115-584,C538949,,MYC,4609,Homo sapiens,9606.0,14749129|17452641|18544621|19067737
myc,Plant Extracts,D010936,,MYC,4609,Homo sapiens,9606.0,24095829|24677778
myc,platycodin D,C108953,58479-68-8,MYC,4609,Homo sapiens,9606.0,18093727
myc,Polychlorinated Biphenyls,D011078,,MYC,4609,Homo sapiens,9606.0,16474171
myc,Polyethyleneimine,D011094,9002-98-6,MYC,4609,Homo sapiens,9606.0,25988281
myc,Poly I-C,D011070,,MYC,4609,Homo sapiens,9606.0,29486283
myc,Polystyrenes,D011137,,MYC,4609,Homo sapiens,9606.0,26585375
myc,ponatinib,C545373,,MYC,4609,Homo sapiens,9606.0,25053825
myc,Potassium Dichromate,D011192,7778-50-9,MYC,4609,Homo sapiens,9606.0,18332044
myc,"pregna-4,17-diene-3,16-dione",C023617,95975-55-6,MYC,4609,Homo sapiens,9606.0,15322087
myc,Progesterone,D011374,57-83-0,MYC,4609,Homo sapiens,9606.0,18045962|21795739
myc,Promegestone,D011397,34184-77-5,MYC,4609,Homo sapiens,9606.0,19609353
myc,propylparaben,C006068,94-13-3,MYC,4609,Homo sapiens,9606.0,26502914
myc,pterostilbene,C107773,,MYC,4609,Homo sapiens,9606.0,19549798
myc,puerarin,C033607,3681-99-0,MYC,4609,Homo sapiens,9606.0,16055262
myc,pyrazolanthrone,C432165,,MYC,4609,Homo sapiens,9606.0,15034932
myc,pyrrolidine dithiocarbamic acid,C020972,25769-03-3,MYC,4609,Homo sapiens,9606.0,15477007|21161674|25070243
myc,pyrvinium,C024631,7187-62-4,MYC,4609,Homo sapiens,9606.0,21170416
myc,Quartz,D011791,14808-60-7,MYC,4609,Homo sapiens,9606.0,27917503
myc,Quercetin,D011794,117-39-5,MYC,4609,Homo sapiens,9606.0,15309432|15670774|16948901|21632981|22245592|23727915|33070227|9381980
myc,Quinacrine,D011796,83-89-6,MYC,4609,Homo sapiens,9606.0,28720477
myc,Quinolones,D015363,,MYC,4609,Homo sapiens,9606.0,27592390
myc,quizartinib,C544967,,MYC,4609,Homo sapiens,9606.0,25053825
myc,Raloxifene Hydrochloride,D020849,,MYC,4609,Homo sapiens,9606.0,16497877|20945400|26502914
myc,Reactive Oxygen Species,D017382,,MYC,4609,Homo sapiens,9606.0,15761015|17628013|20620131|25800948
myc,Reserpine,D012110,50-55-5,MYC,4609,Homo sapiens,9606.0,19607803
myc,Resveratrol,D000077185,,MYC,4609,Homo sapiens,9606.0,12663506|16209266|17088997|17521618|18347188|18592012|21161674|21188121|21291235|21304978|22245592|23137833|23536519|23681230|24244343|24587049|25063218|25896424|26432044|26970359|29242151|31151226
myc,Ribavirin,D012254,36791-04-5,MYC,4609,Homo sapiens,9606.0,29112301
myc,Riboflavin,D012256,83-88-5,MYC,4609,Homo sapiens,9606.0,12654180
myc,Ritonavir,D019438,,MYC,4609,Homo sapiens,9606.0,16174765
myc,RO 3306,C512984,,MYC,4609,Homo sapiens,9606.0,24444383
myc,Rosiglitazone,D000077154,,MYC,4609,Homo sapiens,9606.0,19462893
myc,ruxolitinib,C540383,,MYC,4609,Homo sapiens,9606.0,30012499
myc,salinomycin,C010327,53003-10-4,MYC,4609,Homo sapiens,9606.0,22215106
myc,SB 216763,C417521,,MYC,4609,Homo sapiens,9606.0,25897075|29974605
myc,securinine,C000785,5610-40-2,MYC,4609,Homo sapiens,9606.0,32662633
myc,Selegiline,D012642,,MYC,4609,Homo sapiens,9606.0,16099847
myc,Selenium,D012643,7782-49-2,MYC,4609,Homo sapiens,9606.0,11925459|17948765
myc,Sertraline,D020280,79617-96-2,MYC,4609,Homo sapiens,9606.0,24865413
myc,Silicon Dioxide,D012822,7631-86-9,MYC,4609,Homo sapiens,9606.0,25895662|27095093|27917503|28425640
myc,Silybin,D000077385,22888-70-6,MYC,4609,Homo sapiens,9606.0,27746612
myc,Sirolimus,D020123,53123-88-9,MYC,4609,Homo sapiens,9606.0,20054642|25307878
myc,sodium arsenite,C017947,13768-07-5,MYC,4609,Homo sapiens,9606.0,12679051|12760830|18996220|19464579|19766132|20886546|23052196|23192986|25728338|29301061|31120745|8917704|9219559
myc,sodium bichromate,C016104,10588-01-9,MYC,4609,Homo sapiens,9606.0,12760830
myc,sodium chromate(VI),C028982,7775-11-3,MYC,4609,Homo sapiens,9606.0,16283527
myc,Sodium Selenite,D018038,10102-18-8,MYC,4609,Homo sapiens,9606.0,11198217
myc,Soot,D053260,,MYC,4609,Homo sapiens,9606.0,25395096
myc,Sorafenib,D000077157,,MYC,4609,Homo sapiens,9606.0,17991738|18512153|20054642
myc,SRT1720,C525422,,MYC,4609,Homo sapiens,9606.0,26873845
myc,SRT2183,C525423,,MYC,4609,Homo sapiens,9606.0,23681230
myc,STA 9090,C533237,,MYC,4609,Homo sapiens,9606.0,24784839
myc,Staurosporine,D019311,62996-74-1,MYC,4609,Homo sapiens,9606.0,17628013
myc,stephanthraniline A,C555640,,MYC,4609,Homo sapiens,9606.0,31378763
myc,styrene oxide,C013690,96-09-3,MYC,4609,Homo sapiens,9606.0,16705669
myc,SU 6656,C416927,,MYC,4609,Homo sapiens,9606.0,15528270
myc,Succinic Acid,D019802,110-15-6,MYC,4609,Homo sapiens,9606.0,31401087
myc,Sulfates,D013431,,MYC,4609,Homo sapiens,9606.0,25395096
myc,Sulindac,D013467,38194-50-2,MYC,4609,Homo sapiens,9606.0,12414619|17292881|18291362
myc,Sunitinib,D000077210,,MYC,4609,Homo sapiens,9606.0,31533062
myc,TAK-243,C000622638,,MYC,4609,Homo sapiens,9606.0,31285264
myc,tamibarotene,C061133,94497-51-5,MYC,4609,Homo sapiens,9606.0,15498508
myc,Tamoxifen,D013629,10540-29-1,MYC,4609,Homo sapiens,9606.0,14699072|16051634|17157789|17186241|18997820|20372086|24758408|26502914
myc,tanshinone,C021751,568-73-0,MYC,4609,Homo sapiens,9606.0,16009009|21699893|32886829
myc,Taurocholic Acid,D013656,81-24-3,MYC,4609,Homo sapiens,9606.0,18512153
myc,Temozolomide,D000077204,85622-93-1,MYC,4609,Homo sapiens,9606.0,31758290
myc,Teniposide,D013713,29767-20-2,MYC,4609,Homo sapiens,9606.0,11585056
myc,terbufos,C012568,13071-79-9,MYC,4609,Homo sapiens,9606.0,21538558
myc,terbutylazine,C037565,5915-41-3,MYC,4609,Homo sapiens,9606.0,22445671
myc,tert-Butylhydroperoxide,D020122,75-91-2,MYC,4609,Homo sapiens,9606.0,27509014
myc,Testosterone,D013739,58-22-0,MYC,4609,Homo sapiens,9606.0,20372086|21592394
myc,tetra(4-N-methylpyridyl)porphine,C021096,38673-65-3,MYC,4609,Homo sapiens,9606.0,15740131
myc,tetraarsenic tetrasulfide,C534735,,MYC,4609,Homo sapiens,9606.0,26586936
myc,Tetrachlorodibenzodioxin,D013749,1746-01-6,MYC,4609,Homo sapiens,9606.0,16327978|20106945|22298810|26159488|31536130
myc,Tetradecanoylphorbol Acetate,D013755,16561-29-8,MYC,4609,Homo sapiens,9606.0,10739673|12749906|15477007|15949478|2558650|8219202
myc,Thapsigargin,D019284,67526-95-8,MYC,4609,Homo sapiens,9606.0,20022965|24247028
myc,Theophylline,D013806,58-55-9,MYC,4609,Homo sapiens,9606.0,8416737|8822937
myc,thifluzamide,C494892,,MYC,4609,Homo sapiens,9606.0,33512557
myc,Thioctic Acid,D008063,62-46-4,MYC,4609,Homo sapiens,9606.0,21600978
myc,Thiophenes,D013876,,MYC,4609,Homo sapiens,9606.0,16140955
myc,Thiram,D013893,137-26-8,MYC,4609,Homo sapiens,9606.0,24211530
myc,Thymidine,D013936,50-89-5,MYC,4609,Homo sapiens,9606.0,9808420
myc,thymoquinone,C003466,490-91-5,MYC,4609,Homo sapiens,9606.0,32112862
myc,tiazofurin,C033706,60084-10-8,MYC,4609,Homo sapiens,9606.0,9381980
myc,Tobacco Smoke Pollution,D014028,,MYC,4609,Homo sapiens,9606.0,33660061
myc,trametinib,C560077,,MYC,4609,Homo sapiens,9606.0,22733540
myc,"trans-10,cis-12-conjugated linoleic acid",C496197,,MYC,4609,Homo sapiens,9606.0,17951470
myc,Tretinoin,D014212,302-79-4,MYC,4609,Homo sapiens,9606.0,12875902|15498508|15770638|16054129|16140955|17218384|17229153|17318229|17453147|20945414|21924320|23724009|23830798|30093655|33167477
myc,trichostatin A,C012589,58880-19-6,MYC,4609,Homo sapiens,9606.0,12414619|17185465|18538736|24935251|26272509|27188386|28542535
myc,triptolide,C001899,38748-32-2,MYC,4609,Homo sapiens,9606.0,12533674
myc,"tris(1,3-dichloro-2-propyl)phosphate",C016805,13674-87-8,MYC,4609,Homo sapiens,9606.0,26179874
myc,Troglitazone,D000077288,97322-87-7,MYC,4609,Homo sapiens,9606.0,12649303|16809887|19631733|21525782
myc,tubastatin A,C553587,,MYC,4609,Homo sapiens,9606.0,34910997
myc,Tunicamycin,D014415,11089-65-9,MYC,4609,Homo sapiens,9606.0,22378314|29453283
myc,U 0126,C113580,,MYC,4609,Homo sapiens,9606.0,19135467|20204298
myc,Urethane,D014520,51-79-6,MYC,4609,Homo sapiens,9606.0,28818685
myc,Uridine,D014529,58-96-8,MYC,4609,Homo sapiens,9606.0,9808420
myc,Valproic Acid,D014635,99-66-1,MYC,4609,Homo sapiens,9606.0,19101580|23179753|24935251|25979313|26072468|26272509|27188386|28001369|29501571
myc,Vehicle Emissions,D001335,,MYC,4609,Homo sapiens,9606.0,9801190
myc,Vemurafenib,D000077484,,MYC,4609,Homo sapiens,9606.0,26284497|26668268
myc,Vinblastine,D014747,865-21-4,MYC,4609,Homo sapiens,9606.0,18802399
myc,Vincristine,D014750,,MYC,4609,Homo sapiens,9606.0,16001973
myc,Vitallium,D014800,12629-02-6,MYC,4609,Homo sapiens,9606.0,23825117
myc,Vitamin A,D014801,11103-57-4,MYC,4609,Homo sapiens,9606.0,17219422
myc,Vitamin K 3,D024483,58-27-5,MYC,4609,Homo sapiens,9606.0,10231603|20044591
myc,Volatile Organic Compounds,D055549,,MYC,4609,Homo sapiens,9606.0,32699268
myc,Vorinostat,D000077337,,MYC,4609,Homo sapiens,9606.0,10597302|16377638|17417771|19440035|24930440|27188386
myc,VS-5584,C585120,,MYC,4609,Homo sapiens,9606.0,29574283
myc,ZCL-082,C000721092,,MYC,4609,Homo sapiens,9606.0,34861246
myc,Zearalenone,D015025,17924-92-4,MYC,4609,Homo sapiens,9606.0,28965971
myc,zerumbone,C403304,471-05-6,MYC,4609,Homo sapiens,9606.0,16007145
myc,Zinc,D015032,7440-66-6,MYC,4609,Homo sapiens,9606.0,21600978
sox17,"4-(5-benzo(1,3)dioxol-5-yl-4-pyridin-2-yl-1H-imidazol-2-yl)benzamide",C459179,,SOX17,64321,Homo sapiens,9606.0,24154490|27188386|31711903
sox17,6-Aminonicotinamide,D015120,329-89-5,SOX17,64321,Homo sapiens,9606.0,24154490
sox17,abrine,C496492,,SOX17,64321,Homo sapiens,9606.0,31054353
sox17,Acetaminophen,D000082,103-90-2,SOX17,64321,Homo sapiens,9606.0,22230336
sox17,Aflatoxin B1,D016604,1162-65-8,SOX17,64321,Homo sapiens,9606.0,22100608|27153756
sox17,arsenite,C015001,15502-74-6,SOX17,64321,Homo sapiens,9606.0,23974009
sox17,Benzo(a)pyrene,D001564,50-32-8,SOX17,64321,Homo sapiens,9606.0,27901495
sox17,bisphenol A,C006780,80-05-7,SOX17,64321,Homo sapiens,9606.0,27271280
sox17,Bromodeoxyuridine,D001973,59-14-3,SOX17,64321,Homo sapiens,9606.0,24154490
sox17,butyraldehyde,C018475,123-72-8,SOX17,64321,Homo sapiens,9606.0,26079696
sox17,Camptothecin,D002166,7689-03-4,SOX17,64321,Homo sapiens,9606.0,30720231
sox17,Carbamazepine,D002220,298-46-4,SOX17,64321,Homo sapiens,9606.0,25979313
sox17,CGP 52608,C092451,87958-67-6,SOX17,64321,Homo sapiens,9606.0,28238834
sox17,Chir 99021,C473711,,SOX17,64321,Homo sapiens,9606.0,31711903
sox17,chlorophacinone,C004662,3691-35-8,SOX17,64321,Homo sapiens,9606.0,24154490
sox17,columbamine,C055786,3621-36-1,SOX17,64321,Homo sapiens,9606.0,23124089
sox17,Dactinomycin,D003609,50-76-0,SOX17,64321,Homo sapiens,9606.0,24154490
sox17,Dasatinib,D000069439,,SOX17,64321,Homo sapiens,9606.0,24154490
sox17,Decitabine,D000077209,2353-33-5,SOX17,64321,Homo sapiens,9606.0,18413743
sox17,Diethylnitrosamine,D004052,55-18-5,SOX17,64321,Homo sapiens,9606.0,21527772
sox17,Diethylstilbestrol,D004054,56-53-1,SOX17,64321,Homo sapiens,9606.0,19371625|24154490
sox17,Dimethyl Sulfoxide,D004121,67-68-5,SOX17,64321,Homo sapiens,9606.0,22105179
sox17,diniconazole,C049346,76714-88-0,SOX17,64321,Homo sapiens,9606.0,24154490
sox17,dinoseb,C018527,88-85-7,SOX17,64321,Homo sapiens,9606.0,24154490
sox17,Diquat,D004178,2764-72-9,SOX17,64321,Homo sapiens,9606.0,24154490
sox17,dorsomorphin,C516138,,SOX17,64321,Homo sapiens,9606.0,24154490|27188386
sox17,Doxorubicin,D004317,23214-92-8,SOX17,64321,Homo sapiens,9606.0,24154490
sox17,fluazinam,C075780,79622-59-6,SOX17,64321,Homo sapiens,9606.0,24154490
sox17,Fluorouracil,D005472,51-21-8,SOX17,64321,Homo sapiens,9606.0,24154490|24737281
sox17,flusilazole,C061365,85509-19-9,SOX17,64321,Homo sapiens,9606.0,24154490
sox17,Gefitinib,D000077156,,SOX17,64321,Homo sapiens,9606.0,24154490
sox17,hexaconazole,C409722,,SOX17,64321,Homo sapiens,9606.0,24154490
sox17,Imatinib Mesylate,D000068877,,SOX17,64321,Homo sapiens,9606.0,24154490
sox17,Isotretinoin,D015474,4759-48-2,SOX17,64321,Homo sapiens,9606.0,24154490
sox17,licochalcone B,C541528,,SOX17,64321,Homo sapiens,9606.0,33647349
sox17,maleic acid,C030272,110-16-7,SOX17,64321,Homo sapiens,9606.0,28392987
sox17,Mianserin,D008803,24219-97-4,SOX17,64321,Homo sapiens,9606.0,24154490
sox17,Particulate Matter,D052638,,SOX17,64321,Homo sapiens,9606.0,29703138
sox17,Phenylmercuric Acetate,D010662,62-38-4,SOX17,64321,Homo sapiens,9606.0,27188386
sox17,Resveratrol,D000077185,,SOX17,64321,Homo sapiens,9606.0,19371625
sox17,Ritanserin,D016713,87051-43-2,SOX17,64321,Homo sapiens,9606.0,24154490
sox17,Silicon Dioxide,D012822,7631-86-9,SOX17,64321,Homo sapiens,9606.0,25895662
sox17,Sorafenib,D000077157,,SOX17,64321,Homo sapiens,9606.0,24154490
sox17,Sunitinib,D000077210,,SOX17,64321,Homo sapiens,9606.0,24154490
sox17,Thalidomide,D013792,50-35-1,SOX17,64321,Homo sapiens,9606.0,24154490
sox17,Tretinoin,D014212,302-79-4,SOX17,64321,Homo sapiens,9606.0,24154490|31600526|31711903
sox17,Triclosan,D014260,3380-34-5,SOX17,64321,Homo sapiens,9606.0,30510588
sox17,Valproic Acid,D014635,99-66-1,SOX17,64321,Homo sapiens,9606.0,24154490|25979313
sox17,vandetanib,C452423,,SOX17,64321,Homo sapiens,9606.0,24154490
sox17,ziprasidone,C092292,146939-27-7,SOX17,64321,Homo sapiens,9606.0,24154490
sox17,Zoledronic Acid,D000077211,,SOX17,64321,Homo sapiens,9606.0,24714768
sox2,"(1R,3S,3aR,8bS)-3a-(4-Bromophenyl)-6,8-dimethoxy-3-phenyl-2,3,3a,8b-tetrahydro-1H-cyclopenta(b)benzofuran-1,8b-diol",C000657144,,SOX2,6657,Homo sapiens,9606.0,24607276
sox2,"2,2',4,4'-tetrabromodiphenyl ether",C511295,,SOX2,6657,Homo sapiens,9606.0,31326446
sox2,3-(4-pyridyl)-1H-indole,C569798,,SOX2,6657,Homo sapiens,9606.0,34480604
sox2,"4-(2-(5,6,7,8-tetrahydro-5,5,8,8-tetramethyl-2-naphthalenyl)-1-propenyl)benzoic acid",C038864,71441-28-6,SOX2,6657,Homo sapiens,9606.0,34480604
sox2,"4-(4-((5-(4,5-dimethyl-2-nitrophenyl)-2-furanyl)methylene)-4,5-dihydro-3-methyl-5-oxo-1H-pyrazol-1-yl)benzoic acid",C584509,,SOX2,6657,Homo sapiens,9606.0,24736545
sox2,4-(4-cyano-2-(2-(4-fluoronaphthalen-1-yl)propionylamino)phenyl)butyric acid,C487890,,SOX2,6657,Homo sapiens,9606.0,29396848
sox2,"4-(5-benzo(1,3)dioxol-5-yl-4-pyridin-2-yl-1H-imidazol-2-yl)benzamide",C459179,,SOX2,6657,Homo sapiens,9606.0,27188386|31711903|34480604
sox2,4-acetylantroquinonol B,C555021,,SOX2,6657,Homo sapiens,9606.0,26235807
sox2,abrine,C496492,,SOX2,6657,Homo sapiens,9606.0,31054353
sox2,Acetaminophen,D000082,103-90-2,SOX2,6657,Homo sapiens,9606.0,26690555
sox2,Acrylamide,D020106,79-06-1,SOX2,6657,Homo sapiens,9606.0,32763439
sox2,Active Hexose Correlated Compound,C499366,,SOX2,6657,Homo sapiens,9606.0,25202061
sox2,Aflatoxin B1,D016604,1162-65-8,SOX2,6657,Homo sapiens,9606.0,27153756
sox2,Aflatoxin M1,D016607,6795-23-9,SOX2,6657,Homo sapiens,9606.0,30928695
sox2,Air Pollutants,D000393,,SOX2,6657,Homo sapiens,9606.0,31791492
sox2,Antirheumatic Agents,D018501,,SOX2,6657,Homo sapiens,9606.0,24449571
sox2,Apigenin,D047310,520-36-5,SOX2,6657,Homo sapiens,9606.0,27468969
sox2,Arsenic,D001151,7440-38-2,SOX2,6657,Homo sapiens,9606.0,29396848|32525701|33047385
sox2,Arsenicals,D001152,,SOX2,6657,Homo sapiens,9606.0,34303791
sox2,Arsenic Trioxide,D000077237,1327-53-3,SOX2,6657,Homo sapiens,9606.0,21703238|24685274|29396848|29486283|30093655|33634982
sox2,arsenite,C015001,15502-74-6,SOX2,6657,Homo sapiens,9606.0,23974009
sox2,"Asbestos, Serpentine",D017632,,SOX2,6657,Homo sapiens,9606.0,29523930
sox2,ascorbate-2-phosphate,C011669,23313-12-4,SOX2,6657,Homo sapiens,9606.0,34480604
sox2,Ascorbic Acid,D001205,50-81-7,SOX2,6657,Homo sapiens,9606.0,21166886|34480604
sox2,Aspartame,D001218,22839-47-0,SOX2,6657,Homo sapiens,9606.0,33992720
sox2,Benzo(a)pyrene,D001564,50-32-8,SOX2,6657,Homo sapiens,9606.0,30659931
sox2,bisphenol A,C006780,80-05-7,SOX2,6657,Homo sapiens,9606.0,16474171|25051057|28244015
sox2,butyraldehyde,C018475,123-72-8,SOX2,6657,Homo sapiens,9606.0,26079696
sox2,Carbon,D002244,7440-44-0,SOX2,6657,Homo sapiens,9606.0,31791492
sox2,Carboplatin,D016190,41575-94-4,SOX2,6657,Homo sapiens,9606.0,25605917
sox2,CBP30 compound,C000603860,,SOX2,6657,Homo sapiens,9606.0,28794006
sox2,Celecoxib,D000068579,,SOX2,6657,Homo sapiens,9606.0,29396848
sox2,CGP 52608,C092451,87958-67-6,SOX2,6657,Homo sapiens,9606.0,28238834
sox2,Chir 99021,C473711,,SOX2,6657,Homo sapiens,9606.0,31711903|34480604
sox2,Chlorpromazine,D002746,50-53-3,SOX2,6657,Homo sapiens,9606.0,30703373
sox2,Ciprofloxacin,D002939,85721-33-1,SOX2,6657,Homo sapiens,9606.0,26947806
sox2,Cisplatin,D002945,15663-27-1,SOX2,6657,Homo sapiens,9606.0,20705681|29396848|30291867|33969609
sox2,Cobalt,D003035,7440-48-4,SOX2,6657,Homo sapiens,9606.0,20105288
sox2,cobaltous chloride,C018021,7646-79-9,SOX2,6657,Homo sapiens,9606.0,20105288|24842335|25805230
sox2,cotylenin A,C423222,,SOX2,6657,Homo sapiens,9606.0,25672400
sox2,decabromobiphenyl ether,C010902,1163-19-5,SOX2,6657,Homo sapiens,9606.0,26206603|31326446
sox2,Diethylhexyl Phthalate,D004051,117-81-7,SOX2,6657,Homo sapiens,9606.0,31163220
sox2,Dinoprostone,D015232,363-24-6,SOX2,6657,Homo sapiens,9606.0,29396848
sox2,dorsomorphin,C516138,,SOX2,6657,Homo sapiens,9606.0,27188386
sox2,eckol,C060311,88798-74-7,SOX2,6657,Homo sapiens,9606.0,21514314
sox2,"erucylphospho-N,N,N-trimethylpropylammonium",C472787,,SOX2,6657,Homo sapiens,9606.0,29464035
sox2,Estradiol,D004958,50-28-2,SOX2,6657,Homo sapiens,9606.0,16474171|20404318|24424067|25321415|27592001|31614463|33047385
sox2,Etodolac,D017308,41340-25-4,SOX2,6657,Homo sapiens,9606.0,29396848
sox2,Etoposide,D005047,33419-42-0,SOX2,6657,Homo sapiens,9606.0,33969609
sox2,Fonofos,D004397,944-22-9,SOX2,6657,Homo sapiens,9606.0,22847954
sox2,Formaldehyde,D005557,50-00-0,SOX2,6657,Homo sapiens,9606.0,20655997
sox2,gemcitabine,C056507,103882-84-4,SOX2,6657,Homo sapiens,9606.0,25605917
sox2,Genistein,D019833,446-72-0,SOX2,6657,Homo sapiens,9606.0,16474171
sox2,Gentian Violet,D005840,548-62-9,SOX2,6657,Homo sapiens,9606.0,27373978
sox2,ginsenoside Rg3,C097367,,SOX2,6657,Homo sapiens,9606.0,31916386
sox2,Glucose,D005947,50-99-7,SOX2,6657,Homo sapiens,9606.0,33992720
sox2,gossypol acetic acid,C028178,12542-36-8,SOX2,6657,Homo sapiens,9606.0,29938581
sox2,homoorientin,C057912,,SOX2,6657,Homo sapiens,9606.0,34019859
sox2,Hydrocortisone,D006854,50-23-7,SOX2,6657,Homo sapiens,9606.0,34480604
sox2,hydroquinone,C031927,123-31-9,SOX2,6657,Homo sapiens,9606.0,31256213
sox2,imetelstat,C519562,,SOX2,6657,Homo sapiens,9606.0,20824134
sox2,Ivermectin,D007559,70288-86-7,SOX2,6657,Homo sapiens,9606.0,29257278
sox2,(+)-JQ1 compound,C561695,,SOX2,6657,Homo sapiens,9606.0,24736545|24796395|25307878|26067464|26830473
sox2,kaempferol,C006552,520-18-3,SOX2,6657,Homo sapiens,9606.0,35063459
sox2,Lapatinib,D000077341,,SOX2,6657,Homo sapiens,9606.0,26643609
sox2,LDN 193189,C554430,,SOX2,6657,Homo sapiens,9606.0,34480604
sox2,mercuric bromide,C042720,7789-47-1,SOX2,6657,Homo sapiens,9606.0,26272509|27188386
sox2,methylmercuric chloride,C004925,115-09-3,SOX2,6657,Homo sapiens,9606.0,28001369|34328791
sox2,methylparaben,C015358,99-76-3,SOX2,6657,Homo sapiens,9606.0,27581495
sox2,N-(2-(3H-indol-3-yl)ethyl)-9-isopropyl-2-(5-methyl-3-pyridyl)purin-6-amine,C560625,,SOX2,6657,Homo sapiens,9606.0,30203000
sox2,napabucasin,C000621033,,SOX2,6657,Homo sapiens,9606.0,25605917
sox2,naringenin,C005273,480-41-1,SOX2,6657,Homo sapiens,9606.0,27468969
sox2,nickel chloride,C022838,7718-54-9,SOX2,6657,Homo sapiens,9606.0,26962057
sox2,N-methylisoindigotin,C047330,97207-47-1,SOX2,6657,Homo sapiens,9606.0,26887594
sox2,ovatodiolide,C432447,,SOX2,6657,Homo sapiens,9606.0,29698666
sox2,Oxygen,D010100,7782-44-7,SOX2,6657,Homo sapiens,9606.0,26305601
sox2,Paclitaxel,D017239,,SOX2,6657,Homo sapiens,9606.0,20705681
sox2,Panobinostat,D000077767,,SOX2,6657,Homo sapiens,9606.0,26272509|27188386
sox2,Pantothenic Acid,D010205,79-83-4,SOX2,6657,Homo sapiens,9606.0,19397697
sox2,Parathion,D010278,56-38-2,SOX2,6657,Homo sapiens,9606.0,22847954
sox2,Particulate Matter,D052638,,SOX2,6657,Homo sapiens,9606.0,28846189
sox2,p-Chloromercuribenzoic Acid,D020245,59-85-8,SOX2,6657,Homo sapiens,9606.0,26272509|27188386
sox2,Phenylmercuric Acetate,D010662,62-38-4,SOX2,6657,Homo sapiens,9606.0,26272509|27188386
sox2,Polychlorinated Biphenyls,D011078,,SOX2,6657,Homo sapiens,9606.0,16474171
sox2,Poly I-C,D011070,,SOX2,6657,Homo sapiens,9606.0,29486283
sox2,pyrazolanthrone,C432165,,SOX2,6657,Homo sapiens,9606.0,23219847
sox2,Quercetin,D011794,117-39-5,SOX2,6657,Homo sapiens,9606.0,27468969
sox2,Resveratrol,D000077185,,SOX2,6657,Homo sapiens,9606.0,21304978|23651583
sox2,Silicon Dioxide,D012822,7631-86-9,SOX2,6657,Homo sapiens,9606.0,25895662|35288261
sox2,Silver,D012834,7440-22-4,SOX2,6657,Homo sapiens,9606.0,26551752
sox2,sodium arsenate,C009277,,SOX2,6657,Homo sapiens,9606.0,32525701
sox2,sodium arsenite,C017947,13768-07-5,SOX2,6657,Homo sapiens,9606.0,23219847|28595984|29240254|29319823|32844245|34032870
sox2,Temozolomide,D000077204,85622-93-1,SOX2,6657,Homo sapiens,9606.0,31758290
sox2,terbufos,C012568,13071-79-9,SOX2,6657,Homo sapiens,9606.0,22847954
sox2,tetrachlorodian,C041181,79-95-8,SOX2,6657,Homo sapiens,9606.0,31326446
sox2,Tetrachlorodibenzodioxin,D013749,1746-01-6,SOX2,6657,Homo sapiens,9606.0,30203000
sox2,Tobacco Smoke Pollution,D014028,,SOX2,6657,Homo sapiens,9606.0,33660061
sox2,Tretinoin,D014212,302-79-4,SOX2,6657,Homo sapiens,9606.0,21934132|30093655|31600526|31711903|34742744
sox2,trichostatin A,C012589,58880-19-6,SOX2,6657,Homo sapiens,9606.0,24935251|26272509|27188386
sox2,triptolide,C001899,38748-32-2,SOX2,6657,Homo sapiens,9606.0,24842335
sox2,tungsten carbide,C002802,11130-73-7,SOX2,6657,Homo sapiens,9606.0,20105288
sox2,UNC1215,C580998,,SOX2,6657,Homo sapiens,9606.0,30089852
sox2,Urethane,D014520,51-79-6,SOX2,6657,Homo sapiens,9606.0,28818685
sox2,Valproic Acid,D014635,99-66-1,SOX2,6657,Homo sapiens,9606.0,23179753|24383497|24935251|26272509|27188386|28001369|29154799|34742744
sox2,vanadyl sulfate,C034028,27774-13-6,SOX2,6657,Homo sapiens,9606.0,16330358
sox2,Verapamil,D014700,52-53-9,SOX2,6657,Homo sapiens,9606.0,35063459
sox2,Vorinostat,D000077337,,SOX2,6657,Homo sapiens,9606.0,26272509|27188386
sox2,XAV939,C544261,,SOX2,6657,Homo sapiens,9606.0,34480604
sox2,Zoledronic Acid,D000077211,,SOX2,6657,Homo sapiens,9606.0,24714768
pou5f1,1-Methyl-3-isobutylxanthine,D015056,28822-58-4,POU5F1,5460,Homo sapiens,9606.0,28628672
pou5f1,"(1R,3S,3aR,8bS)-3a-(4-Bromophenyl)-6,8-dimethoxy-3-phenyl-2,3,3a,8b-tetrahydro-1H-cyclopenta(b)benzofuran-1,8b-diol",C000657144,,POU5F1,5460,Homo sapiens,9606.0,24607276
pou5f1,2-(1'H-indole-3'-carbonyl)thiazole-4-carboxylic acid methyl ester,C548651,,POU5F1,5460,Homo sapiens,9606.0,25625591
pou5f1,3-(4-pyridyl)-1H-indole,C569798,,POU5F1,5460,Homo sapiens,9606.0,34480604
pou5f1,"4-(2-(5,6,7,8-tetrahydro-5,5,8,8-tetramethyl-2-naphthalenyl)-1-propenyl)benzoic acid",C038864,71441-28-6,POU5F1,5460,Homo sapiens,9606.0,34480604
pou5f1,"4-(5-benzo(1,3)dioxol-5-yl-4-pyridin-2-yl-1H-imidazol-2-yl)benzamide",C459179,,POU5F1,5460,Homo sapiens,9606.0,32949729|34480604
pou5f1,Acetaminophen,D000082,103-90-2,POU5F1,5460,Homo sapiens,9606.0,29067470
pou5f1,Acetylcysteine,D000111,616-91-1,POU5F1,5460,Homo sapiens,9606.0,26206603|32745510
pou5f1,Afatinib,D000077716,850140-72-6,POU5F1,5460,Homo sapiens,9606.0,28787001
pou5f1,Apigenin,D047310,520-36-5,POU5F1,5460,Homo sapiens,9606.0,22906706
pou5f1,aristolochic acid I,C000228,313-67-7,POU5F1,5460,Homo sapiens,9606.0,33212167
pou5f1,Arsenic,D001151,7440-38-2,POU5F1,5460,Homo sapiens,9606.0,25304211|33047385
pou5f1,Arsenic Trioxide,D000077237,1327-53-3,POU5F1,5460,Homo sapiens,9606.0,29396848|29486283|33634982
pou5f1,ascorbate-2-phosphate,C011669,23313-12-4,POU5F1,5460,Homo sapiens,9606.0,34480604
pou5f1,Ascorbic Acid,D001205,50-81-7,POU5F1,5460,Homo sapiens,9606.0,21166886|24497960|34480604
pou5f1,Aspartame,D001218,22839-47-0,POU5F1,5460,Homo sapiens,9606.0,33992720
pou5f1,Atrazine,D001280,1912-24-9,POU5F1,5460,Homo sapiens,9606.0,34146662
pou5f1,belinostat,C487081,,POU5F1,5460,Homo sapiens,9606.0,26272509
pou5f1,Benzo(a)pyrene,D001564,50-32-8,POU5F1,5460,Homo sapiens,9606.0,27901495
pou5f1,benzyloxycarbonylleucyl-leucyl-leucine aldehyde,C072553,,POU5F1,5460,Homo sapiens,9606.0,24497960
pou5f1,benzyloxycarbonylvalyl-alanyl-aspartyl fluoromethyl ketone,C096713,,POU5F1,5460,Homo sapiens,9606.0,24607276
pou5f1,bis(4-hydroxyphenyl)sulfone,C543008,80-09-1,POU5F1,5460,Homo sapiens,9606.0,28628672
pou5f1,bisphenol A,C006780,80-05-7,POU5F1,5460,Homo sapiens,9606.0,23391485|27551335|28628672|31400064
pou5f1,Bucladesine,D003994,362-74-3,POU5F1,5460,Homo sapiens,9606.0,31400064
pou5f1,butyraldehyde,C018475,123-72-8,POU5F1,5460,Homo sapiens,9606.0,26079696
pou5f1,Carbaryl,D012721,63-25-2,POU5F1,5460,Homo sapiens,9606.0,32949729
pou5f1,casticin,C054133,479-91-4,POU5F1,5460,Homo sapiens,9606.0,32268151
pou5f1,Chir 99021,C473711,,POU5F1,5460,Homo sapiens,9606.0,31711903|34480604
pou5f1,Chlordecone,D007631,143-50-0,POU5F1,5460,Homo sapiens,9606.0,22906706
pou5f1,Chlorpromazine,D002746,50-53-3,POU5F1,5460,Homo sapiens,9606.0,30703373
pou5f1,Ciprofloxacin,D002939,85721-33-1,POU5F1,5460,Homo sapiens,9606.0,26947806
pou5f1,Cisplatin,D002945,15663-27-1,POU5F1,5460,Homo sapiens,9606.0,20074550|20705681|21342274|21618587|30291867|33545341|33969609
pou5f1,Cobalt,D003035,7440-48-4,POU5F1,5460,Homo sapiens,9606.0,24497960
pou5f1,cobaltous chloride,C018021,7646-79-9,POU5F1,5460,Homo sapiens,9606.0,25805230
pou5f1,Curcumin,D003474,458-37-7,POU5F1,5460,Homo sapiens,9606.0,33539684
pou5f1,Cycloheximide,D003513,66-81-9,POU5F1,5460,Homo sapiens,9606.0,24497960
pou5f1,DDT,D003634,50-29-3,POU5F1,5460,Homo sapiens,9606.0,32949729
pou5f1,decabromobiphenyl ether,C010902,1163-19-5,POU5F1,5460,Homo sapiens,9606.0,26206603
pou5f1,Decitabine,D000077209,2353-33-5,POU5F1,5460,Homo sapiens,9606.0,18440631
pou5f1,Dexamethasone,D003907,50-02-2,POU5F1,5460,Homo sapiens,9606.0,28628672
pou5f1,diallyl trisulfide,C042577,2050-87-5,POU5F1,5460,Homo sapiens,9606.0,33180827
pou5f1,Dieldrin,D004026,60-57-1,POU5F1,5460,Homo sapiens,9606.0,32949729
pou5f1,Diethylhexyl Phthalate,D004051,117-81-7,POU5F1,5460,Homo sapiens,9606.0,31163220|32949729
pou5f1,diethyl maleate,C014476,141-05-9,POU5F1,5460,Homo sapiens,9606.0,33545341
pou5f1,Dimethyl Sulfoxide,D004121,67-68-5,POU5F1,5460,Homo sapiens,9606.0,24834073
pou5f1,entinostat,C118739,,POU5F1,5460,Homo sapiens,9606.0,26272509
pou5f1,Estradiol,D004958,50-28-2,POU5F1,5460,Homo sapiens,9606.0,17404688|22132214|23391485|27551335|33047385
pou5f1,Ethanol,D000431,64-17-5,POU5F1,5460,Homo sapiens,9606.0,19919524|23378141
pou5f1,Etoposide,D005047,33419-42-0,POU5F1,5460,Homo sapiens,9606.0,33969609
pou5f1,Eugenol,D005054,97-53-0,POU5F1,5460,Homo sapiens,9606.0,31926151
pou5f1,Fluorouracil,D005472,51-21-8,POU5F1,5460,Homo sapiens,9606.0,24737281
pou5f1,Fulvestrant,D000077267,129453-61-8,POU5F1,5460,Homo sapiens,9606.0,22132214
pou5f1,gemcitabine,C056507,103882-84-4,POU5F1,5460,Homo sapiens,9606.0,35063459
pou5f1,ginsenoside Rg3,C097367,,POU5F1,5460,Homo sapiens,9606.0,31916386
pou5f1,Glucose,D005947,50-99-7,POU5F1,5460,Homo sapiens,9606.0,33992720
pou5f1,GW 3965,C473027,,POU5F1,5460,Homo sapiens,9606.0,31932555
pou5f1,GW 4064,C412815,,POU5F1,5460,Homo sapiens,9606.0,31932555
pou5f1,Heptachlor,D006533,76-44-8,POU5F1,5460,Homo sapiens,9606.0,32949729
pou5f1,Hexachlorophene,D006582,,POU5F1,5460,Homo sapiens,9606.0,32949729
pou5f1,homoorientin,C057912,,POU5F1,5460,Homo sapiens,9606.0,34019859
pou5f1,Hydrocortisone,D006854,50-23-7,POU5F1,5460,Homo sapiens,9606.0,34480604
pou5f1,Hydrogen Peroxide,D006861,7722-84-1,POU5F1,5460,Homo sapiens,9606.0,20044591
pou5f1,Hydrogen Sulfide,D006862,7783-06-4,POU5F1,5460,Homo sapiens,9606.0,33180827
pou5f1,Ibuprofen,D007052,15687-27-1,POU5F1,5460,Homo sapiens,9606.0,29665328
pou5f1,Indomethacin,D007213,53-86-1,POU5F1,5460,Homo sapiens,9606.0,28628672
pou5f1,Ivermectin,D007559,70288-86-7,POU5F1,5460,Homo sapiens,9606.0,29257278
pou5f1,(+)-JQ1 compound,C561695,,POU5F1,5460,Homo sapiens,9606.0,26830473
pou5f1,kaempferol,C006552,520-18-3,POU5F1,5460,Homo sapiens,9606.0,22906706|35063459
pou5f1,LDN 193189,C554430,,POU5F1,5460,Homo sapiens,9606.0,32949729|34480604
pou5f1,Lead,D007854,7439-92-1,POU5F1,5460,Homo sapiens,9606.0,25193092
pou5f1,Leflunomide,D000077339,75706-12-6,POU5F1,5460,Homo sapiens,9606.0,28988120
pou5f1,Lithium Chloride,D018021,7447-41-8,POU5F1,5460,Homo sapiens,9606.0,20069066|20074550
pou5f1,LLL12 compound,C549232,,POU5F1,5460,Homo sapiens,9606.0,23333246
pou5f1,Melatonin,D008550,73-31-4,POU5F1,5460,Homo sapiens,9606.0,27551335
pou5f1,Metformin,D008687,657-24-9,POU5F1,5460,Homo sapiens,9606.0,22132214
pou5f1,Methamphetamine,D008694,537-46-2,POU5F1,5460,Homo sapiens,9606.0,18316681
pou5f1,methylmercuric chloride,C004925,115-09-3,POU5F1,5460,Homo sapiens,9606.0,22555245|28001369|34328791
pou5f1,Methylmercury Compounds,D008767,,POU5F1,5460,Homo sapiens,9606.0,31400064
pou5f1,methylparaben,C015358,99-76-3,POU5F1,5460,Homo sapiens,9606.0,27581495
pou5f1,"monoisoamyl-2,3-dimercaptosuccinate",C091888,,POU5F1,5460,Homo sapiens,9606.0,19615344
pou5f1,"Nanotubes, Carbon",D037742,,POU5F1,5460,Homo sapiens,9606.0,23634900
pou5f1,napabucasin,C000621033,,POU5F1,5460,Homo sapiens,9606.0,25605917
pou5f1,nickel chloride,C022838,7718-54-9,POU5F1,5460,Homo sapiens,9606.0,24497960|26962057
pou5f1,Niclosamide,D009534,50-65-7,POU5F1,5460,Homo sapiens,9606.0,23333246
pou5f1,Nicotine,D009538,,POU5F1,5460,Homo sapiens,9606.0,23219715
pou5f1,Nocodazole,D015739,31430-18-9,POU5F1,5460,Homo sapiens,9606.0,21559451
pou5f1,ovatodiolide,C432447,,POU5F1,5460,Homo sapiens,9606.0,29698666
pou5f1,Oxygen,D010100,7782-44-7,POU5F1,5460,Homo sapiens,9606.0,23725749
pou5f1,Paclitaxel,D017239,,POU5F1,5460,Homo sapiens,9606.0,20705681
pou5f1,Panobinostat,D000077767,,POU5F1,5460,Homo sapiens,9606.0,26272509
pou5f1,Paraquat,D010269,4685-14-7,POU5F1,5460,Homo sapiens,9606.0,30698896|31400064
pou5f1,Particulate Matter,D052638,,POU5F1,5460,Homo sapiens,9606.0,28846189|32745510|32891722
pou5f1,Phenolsulfonphthalein,D010637,143-74-8,POU5F1,5460,Homo sapiens,9606.0,22132214
pou5f1,Plant Extracts,D010936,,POU5F1,5460,Homo sapiens,9606.0,23557933|25447409
pou5f1,Poly I-C,D011070,,POU5F1,5460,Homo sapiens,9606.0,29486283
pou5f1,Progesterone,D011374,57-83-0,POU5F1,5460,Homo sapiens,9606.0,17404688
pou5f1,Quercetin,D011794,117-39-5,POU5F1,5460,Homo sapiens,9606.0,22422628
pou5f1,Quinpirole,D019257,85760-74-3,POU5F1,5460,Homo sapiens,9606.0,27920206
pou5f1,Resveratrol,D000077185,,POU5F1,5460,Homo sapiens,9606.0,21304978|22692956|23557933
pou5f1,Rotenone,D012402,83-79-4,POU5F1,5460,Homo sapiens,9606.0,32949729
pou5f1,SB 203580,C093642,,POU5F1,5460,Homo sapiens,9606.0,24607276
pou5f1,SD-208,C511004,,POU5F1,5460,Homo sapiens,9606.0,23725749
pou5f1,Silicon Dioxide,D012822,7631-86-9,POU5F1,5460,Homo sapiens,9606.0,25895662
pou5f1,Smoke,D012906,,POU5F1,5460,Homo sapiens,9606.0,25447409|25526925
pou5f1,sodium arsenite,C017947,13768-07-5,POU5F1,5460,Homo sapiens,9606.0,19615344|20056578|23052196|29240254|31120745
pou5f1,sodium bisulfide,C025451,16721-80-5,POU5F1,5460,Homo sapiens,9606.0,33180827
pou5f1,SR9243,C000602007,,POU5F1,5460,Homo sapiens,9606.0,31932555
pou5f1,SU 6656,C416927,,POU5F1,5460,Homo sapiens,9606.0,23527294
pou5f1,Tamoxifen,D013629,10540-29-1,POU5F1,5460,Homo sapiens,9606.0,22906706
pou5f1,Testosterone,D013739,58-22-0,POU5F1,5460,Homo sapiens,9606.0,34719554
pou5f1,Tetrachlorodibenzodioxin,D013749,1746-01-6,POU5F1,5460,Homo sapiens,9606.0,22132214
pou5f1,thymoquinone,C003466,490-91-5,POU5F1,5460,Homo sapiens,9606.0,31298468
pou5f1,Tobacco Smoke Pollution,D014028,,POU5F1,5460,Homo sapiens,9606.0,33660061
pou5f1,Tretinoin,D014212,302-79-4,POU5F1,5460,Homo sapiens,9606.0,16168501|17138961|21924320|22906706|31600526|34742744
pou5f1,trichostatin A,C012589,58880-19-6,POU5F1,5460,Homo sapiens,9606.0,18440631|22723015|26272509
pou5f1,"tris(1,3-dichloro-2-propyl)phosphate",C016805,13674-87-8,POU5F1,5460,Homo sapiens,9606.0,26179874
pou5f1,tris(2-butoxyethyl) phosphate,C013320,78-51-3,POU5F1,5460,Homo sapiens,9606.0,29024780
pou5f1,UNC0642,C000621860,,POU5F1,5460,Homo sapiens,9606.0,28787001
pou5f1,Valproic Acid,D014635,99-66-1,POU5F1,5460,Homo sapiens,9606.0,22723015|23527032|26272509|29775723|32949729|34742744
pou5f1,Verapamil,D014700,52-53-9,POU5F1,5460,Homo sapiens,9606.0,35063459
pou5f1,XAV939,C544261,,POU5F1,5460,Homo sapiens,9606.0,34480604
pou5f1,YM 155,C523798,,POU5F1,5460,Homo sapiens,9606.0,28787001
cd44,"2,2',4,4',5-brominated diphenyl ether",C477694,,CD44,960,Homo sapiens,9606.0,26705709
cd44,2-(4-morpholinyl)-8-phenyl-4H-1-benzopyran-4-one,C085911,154447-36-6,CD44,960,Homo sapiens,9606.0,33396024
cd44,"3,4,3',4'-tetrachlorobiphenyl",C028451,,CD44,960,Homo sapiens,9606.0,20638727
cd44,3-deazaneplanocin,C048460,102052-95-9,CD44,960,Homo sapiens,9606.0,18538736
cd44,4-(4-fluorophenyl)-2-(4-hydroxyphenyl)-5-(4-pyridyl)imidazole,C090942,,CD44,960,Homo sapiens,9606.0,31285260
cd44,"4-(5-benzo(1,3)dioxol-5-yl-4-pyridin-2-yl-1H-imidazol-2-yl)benzamide",C459179,,CD44,960,Homo sapiens,9606.0,27188386|31285260
cd44,abrine,C496492,,CD44,960,Homo sapiens,9606.0,31054353
cd44,Acetaminophen,D000082,103-90-2,CD44,960,Homo sapiens,9606.0,19416960|25458485|27761495|29067470
cd44,Acrylamide,D020106,79-06-1,CD44,960,Homo sapiens,9606.0,32763439
cd44,afimoxifene,C016601,68392-35-8,CD44,960,Homo sapiens,9606.0,16849584
cd44,Aflatoxin B1,D016604,1162-65-8,CD44,960,Homo sapiens,9606.0,20106945|22100608|27153756
cd44,Air Pollutants,D000393,,CD44,960,Homo sapiens,9606.0,34044057
cd44,Albuterol,D000420,18559-94-9,CD44,960,Homo sapiens,9606.0,18076728
cd44,Allergens,D000485,,CD44,960,Homo sapiens,9606.0,27283384
cd44,Antirheumatic Agents,D018501,,CD44,960,Homo sapiens,9606.0,24449571
cd44,Aripiprazole,D000068180,,CD44,960,Homo sapiens,9606.0,31476115
cd44,aristolochic acid I,C000228,313-67-7,CD44,960,Homo sapiens,9606.0,33212167
cd44,Arsenic,D001151,7440-38-2,CD44,960,Homo sapiens,9606.0,16835338|33396024
cd44,Arsenicals,D001152,,CD44,960,Homo sapiens,9606.0,34303791
cd44,Arsenic Trioxide,D000077237,1327-53-3,CD44,960,Homo sapiens,9606.0,15553829|15894607|19804631|22391160|23098472
cd44,"Asbestos, Crocidolite",D017638,12001-28-4,CD44,960,Homo sapiens,9606.0,12839939|24160326
cd44,"Asbestos, Serpentine",D017632,,CD44,960,Homo sapiens,9606.0,29523930|33581214
cd44,Aspirin,D001241,50-78-2,CD44,960,Homo sapiens,9606.0,16878161
cd44,azaspiracid,C406592,,CD44,960,Homo sapiens,9606.0,28939011
cd44,bathocuproine sulfonate,C028559,73348-75-1,CD44,960,Homo sapiens,9606.0,15477007
cd44,Beclomethasone,D001507,4419-39-0,CD44,960,Homo sapiens,9606.0,18076728
cd44,Benzene,D001554,71-43-2,CD44,960,Homo sapiens,9606.0,15929907|21147609
cd44,Benzo(a)pyrene,D001564,50-32-8,CD44,960,Homo sapiens,9606.0,20097212|32234424
cd44,Benzoates,D001565,,CD44,960,Homo sapiens,9606.0,29472718
cd44,Benzophenoneidum,D001576,2465-27-2,CD44,960,Homo sapiens,9606.0,28722353
cd44,beryllium sulfate,C020711,13510-49-1,CD44,960,Homo sapiens,9606.0,16314022
cd44,beta-methylcholine,C044887,7562-87-0,CD44,960,Homo sapiens,9606.0,21179406
cd44,bisphenol A,C006780,80-05-7,CD44,960,Homo sapiens,9606.0,18007998|20678512|22576693|26546977|28711546
cd44,bis(tri-n-butyltin)oxide,C005961,,CD44,960,Homo sapiens,9606.0,21601586
cd44,Cadmium,D002104,7440-43-9,CD44,960,Homo sapiens,9606.0,22626610|33040242
cd44,Cadmium Chloride,D019256,10108-64-2,CD44,960,Homo sapiens,9606.0,33040242
cd44,Calcitriol,D002117,32222-06-3,CD44,960,Homo sapiens,9606.0,16051482
cd44,candoxin,C459604,,CD44,960,Homo sapiens,9606.0,16309724
cd44,Cannabidiol,D002185,13956-29-1,CD44,960,Homo sapiens,9606.0,27932991
cd44,Carbamazepine,D002220,298-46-4,CD44,960,Homo sapiens,9606.0,25979313
cd44,Carmustine,D002330,154-93-8,CD44,960,Homo sapiens,9606.0,16365179
cd44,casticin,C054133,479-91-4,CD44,960,Homo sapiens,9606.0,32268151
cd44,Chlorogenic Acid,D002726,327-97-9,CD44,960,Homo sapiens,9606.0,20706672
cd44,Chlorpromazine,D002746,50-53-3,CD44,960,Homo sapiens,9606.0,30703373
cd44,Ciprofloxacin,D002939,85721-33-1,CD44,960,Homo sapiens,9606.0,26947806
cd44,Cisplatin,D002945,15663-27-1,CD44,960,Homo sapiens,9606.0,21124918|21471434|21618587|23300844|27392435|30291867
cd44,cobaltous chloride,C018021,7646-79-9,CD44,960,Homo sapiens,9606.0,16798617|19376846|22941251|24842335|25805230
cd44,Cocaine,D003042,50-36-2,CD44,960,Homo sapiens,9606.0,18000554
cd44,Coumestrol,D003375,479-13-0,CD44,960,Homo sapiens,9606.0,19167446
cd44,Crizotinib,D000077547,,CD44,960,Homo sapiens,9606.0,22973962
cd44,Curcumin,D003474,458-37-7,CD44,960,Homo sapiens,9606.0,15713895
cd44,Cyclosporine,D016572,59865-13-3,CD44,960,Homo sapiens,9606.0,20106945
cd44,Cytarabine,D003561,147-94-4,CD44,960,Homo sapiens,9606.0,21198554
cd44,Decitabine,D000077209,2353-33-5,CD44,960,Homo sapiens,9606.0,23300844
cd44,deguelin,C107676,522-17-8,CD44,960,Homo sapiens,9606.0,26884827
cd44,Demecolcine,D003703,477-30-5,CD44,960,Homo sapiens,9606.0,23649840
cd44,Diazinon,D003976,333-41-5,CD44,960,Homo sapiens,9606.0,22964155
cd44,Diethylnitrosamine,D004052,55-18-5,CD44,960,Homo sapiens,9606.0,21527772
cd44,Diethylstilbestrol,D004054,56-53-1,CD44,960,Homo sapiens,9606.0,26865669
cd44,dimethylarsinous acid,C472511,,CD44,960,Homo sapiens,9606.0,20886546
cd44,dinophysistoxin 1,C051904,,CD44,960,Homo sapiens,9606.0,28939011
cd44,dorsomorphin,C516138,,CD44,960,Homo sapiens,9606.0,27188386
cd44,Doxorubicin,D004317,23214-92-8,CD44,960,Homo sapiens,9606.0,16705698|19047049|29803840
cd44,Dronabinol,D013759,,CD44,960,Homo sapiens,9606.0,32103029
cd44,Dust,D004391,,CD44,960,Homo sapiens,9606.0,17805423
cd44,entinostat,C118739,,CD44,960,Homo sapiens,9606.0,26272509|27188386
cd44,Enzyme Inhibitors,D004791,,CD44,960,Homo sapiens,9606.0,23301498
cd44,Estradiol,D004958,50-28-2,CD44,960,Homo sapiens,9606.0,16912569|19167446|19619570|19838210|20226447|25321415|26865669|28711546|30165855|31614463
cd44,Etodolac,D017308,41340-25-4,CD44,960,Homo sapiens,9606.0,16046235
cd44,Etoposide,D005047,33419-42-0,CD44,960,Homo sapiens,9606.0,15215046|19047049
cd44,Eugenol,D005054,97-53-0,CD44,960,Homo sapiens,9606.0,31926151
cd44,fisetin,C017875,528-48-3,CD44,960,Homo sapiens,9606.0,30802432
cd44,Formaldehyde,D005557,50-00-0,CD44,960,Homo sapiens,9606.0,20655997|23649840
cd44,Formoterol Fumarate,D000068759,,CD44,960,Homo sapiens,9606.0,18076728
cd44,Fulvestrant,D000077267,129453-61-8,CD44,960,Homo sapiens,9606.0,26865669
cd44,gemcitabine,C056507,103882-84-4,CD44,960,Homo sapiens,9606.0,35063459
cd44,Genistein,D019833,446-72-0,CD44,960,Homo sapiens,9606.0,16705744|20706672|26865669|33396024
cd44,glyphosate,C010974,1071-83-6,CD44,960,Homo sapiens,9606.0,28711546
cd44,GSK-J4,C000593030,,CD44,960,Homo sapiens,9606.0,29301935
cd44,hexamethylene bisacetamide,C014026,3073-59-4,CD44,960,Homo sapiens,9606.0,17349212
cd44,Hexestrol,D006589,5635-50-7,CD44,960,Homo sapiens,9606.0,26865669
cd44,honokiol,C005499,35354-74-6,CD44,960,Homo sapiens,9606.0,32032644
cd44,Hyaluronic Acid,D006820,9004-61-9,CD44,960,Homo sapiens,9606.0,12402308|19047049|31285260
cd44,Hydrogen Peroxide,D006861,7722-84-1,CD44,960,Homo sapiens,9606.0,20044591|24489904
cd44,Ionomycin,D015759,56092-81-0,CD44,960,Homo sapiens,9606.0,15477007
cd44,Ivermectin,D007559,70288-86-7,CD44,960,Homo sapiens,9606.0,32959892
cd44,(+)-JQ1 compound,C561695,,CD44,960,Homo sapiens,9606.0,25961927
cd44,kaempferol,C006552,520-18-3,CD44,960,Homo sapiens,9606.0,28711657|35063459
cd44,Lactic Acid,D019344,50-21-5,CD44,960,Homo sapiens,9606.0,30851411
cd44,Lamivudine,D019259,134678-17-4,CD44,960,Homo sapiens,9606.0,15784690
cd44,Lapatinib,D000077341,,CD44,960,Homo sapiens,9606.0,26643609|33396024
cd44,Lithium Chloride,D018021,7447-41-8,CD44,960,Homo sapiens,9606.0,23527032
cd44,Lovastatin,D008148,75330-75-5,CD44,960,Homo sapiens,9606.0,21199873
cd44,Magnetite Nanoparticles,D058185,,CD44,960,Homo sapiens,9606.0,26378955
cd44,mercuric bromide,C042720,7789-47-1,CD44,960,Homo sapiens,9606.0,27188386
cd44,Mestranol,D008656,72-33-3,CD44,960,Homo sapiens,9606.0,26865669
cd44,Methapyrilene,D008701,91-80-5,CD44,960,Homo sapiens,9606.0,28935588
cd44,methyleugenol,C005223,93-15-2,CD44,960,Homo sapiens,9606.0,32234424
cd44,methylmercuric chloride,C004925,115-09-3,CD44,960,Homo sapiens,9606.0,28001369
cd44,Methyl Methanesulfonate,D008741,66-27-3,CD44,960,Homo sapiens,9606.0,23649840
cd44,methylselenic acid,C008493,,CD44,960,Homo sapiens,9606.0,12517777
cd44,Mevalonic Acid,D008798,150-97-0,CD44,960,Homo sapiens,9606.0,21199873
cd44,napabucasin,C000621033,,CD44,960,Homo sapiens,9606.0,25605917
cd44,Nickel,D009532,7440-02-0,CD44,960,Homo sapiens,9606.0,14575637|24768652|25583101
cd44,nickel chloride,C022838,7718-54-9,CD44,960,Homo sapiens,9606.0,26962057
cd44,N-Nitrosopyrrolidine,D009242,930-55-2,CD44,960,Homo sapiens,9606.0,32234424
cd44,Okadaic Acid,D019319,78111-17-8,CD44,960,Homo sapiens,9606.0,28939011
cd44,ON 01910,C507134,,CD44,960,Homo sapiens,9606.0,22351695
cd44,osajin,C485800,,CD44,960,Homo sapiens,9606.0,20706672
cd44,oxidized-L-alpha-1-palmitoyl-2-arachidonoyl-sn-glycero-3-phosphorylcholine,C472349,,CD44,960,Homo sapiens,9606.0,17655762
cd44,Oxygen,D010100,7782-44-7,CD44,960,Homo sapiens,9606.0,25351418|26305601
cd44,Ozone,D010126,10028-15-6,CD44,960,Homo sapiens,9606.0,31476115
cd44,Panobinostat,D000077767,,CD44,960,Homo sapiens,9606.0,26272509|27188386
cd44,Particulate Matter,D052638,,CD44,960,Homo sapiens,9606.0,17655762|28846189|30716388|32891722
cd44,Phenobarbital,D010634,50-06-6,CD44,960,Homo sapiens,9606.0,19159669
cd44,Phenylmercuric Acetate,D010662,62-38-4,CD44,960,Homo sapiens,9606.0,26272509|27188386
cd44,Piroxicam,D010894,36322-90-4,CD44,960,Homo sapiens,9606.0,21858171
cd44,PKF115-584,C538949,,CD44,960,Homo sapiens,9606.0,17452641
cd44,Plant Extracts,D010936,,CD44,960,Homo sapiens,9606.0,25447409|32522589
cd44,pomiferin,C474837,,CD44,960,Homo sapiens,9606.0,20706672
cd44,Progesterone,D011374,57-83-0,CD44,960,Homo sapiens,9606.0,18692832|20226447
cd44,Propolis,D011429,9009-62-5,CD44,960,Homo sapiens,9606.0,20706672
cd44,pyrrolidine dithiocarbamic acid,C020972,25769-03-3,CD44,960,Homo sapiens,9606.0,15477007
cd44,Raloxifene Hydrochloride,D020849,,CD44,960,Homo sapiens,9606.0,26865669
cd44,Reactive Oxygen Species,D017382,,CD44,960,Homo sapiens,9606.0,21833471|24489904
cd44,reparixin,C490707,,CD44,960,Homo sapiens,9606.0,33396024
cd44,Resveratrol,D000077185,,CD44,960,Homo sapiens,9606.0,19047049|19167446|22692956
cd44,Ribonucleotides,D012265,,CD44,960,Homo sapiens,9606.0,30528433
cd44,salinomycin,C010327,53003-10-4,CD44,960,Homo sapiens,9606.0,30273566
cd44,Selenium,D012643,7782-49-2,CD44,960,Homo sapiens,9606.0,18196609
cd44,Simvastatin,D019821,79902-63-9,CD44,960,Homo sapiens,9606.0,21199873
cd44,Smoke,D012906,,CD44,960,Homo sapiens,9606.0,21095227|25447409|25526925
cd44,sodium arsenite,C017947,13768-07-5,CD44,960,Homo sapiens,9606.0,23549458|25493608|25879800|28589171|32844245|33396024
cd44,stattic,C517409,,CD44,960,Homo sapiens,9606.0,33396024
cd44,Succimer,D004113,304-55-2,CD44,960,Homo sapiens,9606.0,26378955
cd44,T-2 Toxin,D013605,21259-20-1,CD44,960,Homo sapiens,9606.0,18196609
cd44,tamibarotene,C061133,94497-51-5,CD44,960,Homo sapiens,9606.0,15498508|17229644
cd44,Tamoxifen,D013629,10540-29-1,CD44,960,Homo sapiens,9606.0,14699072
cd44,Temozolomide,D000077204,85622-93-1,CD44,960,Homo sapiens,9606.0,16365179
cd44,teroxirone,C028786,,CD44,960,Homo sapiens,9606.0,29908167
cd44,Tetrachlorodibenzodioxin,D013749,1746-01-6,CD44,960,Homo sapiens,9606.0,19619570|20106945
cd44,Tetradecanoylphorbol Acetate,D013755,16561-29-8,CD44,960,Homo sapiens,9606.0,15477007
cd44,Thapsigargin,D019284,67526-95-8,CD44,960,Homo sapiens,9606.0,29453283
cd44,thymoquinone,C003466,490-91-5,CD44,960,Homo sapiens,9606.0,31298468
cd44,Tobacco Smoke Pollution,D014028,,CD44,960,Homo sapiens,9606.0,26756918|27480279|30291989|33660061
cd44,Tretinoin,D014212,302-79-4,CD44,960,Homo sapiens,9606.0,15498508|15894607|17349212|21934132|22391160|23724009|23830798
cd44,tributyltin,C011559,688-73-3,CD44,960,Homo sapiens,9606.0,31634547
cd44,trichostatin A,C012589,58880-19-6,CD44,960,Homo sapiens,9606.0,14575637|18538736|24935251
cd44,triphenyltin,C030665,,CD44,960,Homo sapiens,9606.0,31634547
cd44,triptolide,C001899,38748-32-2,CD44,960,Homo sapiens,9606.0,24842335
cd44,U 0126,C113580,,CD44,960,Homo sapiens,9606.0,33396024
cd44,Valproic Acid,D014635,99-66-1,CD44,960,Homo sapiens,9606.0,23179753|23527032|26272509|27188386|28001369|29154799
cd44,vanadium pentoxide,C066075,1314-62-1,CD44,960,Homo sapiens,9606.0,17459161
cd44,Vehicle Emissions,D001335,,CD44,960,Homo sapiens,9606.0,17655762|27283384
cd44,Verapamil,D014700,52-53-9,CD44,960,Homo sapiens,9606.0,35063459
cd44,Vincristine,D014750,,CD44,960,Homo sapiens,9606.0,23649840
cd44,Vitamin E,D014810,1406-18-4,CD44,960,Homo sapiens,9606.0,19244175
cd44,Vorinostat,D000077337,,CD44,960,Homo sapiens,9606.0,26305601
cd44,Zidovudine,D015215,30516-87-1,CD44,960,Homo sapiens,9606.0,15784690
cd44,Zoledronic Acid,D000077211,,CD44,960,Homo sapiens,9606.0,24714768
