DB	DB_Object_ID	DB_Object_Symbol	Qualifier	GO_ID	Reference	Evidence_Code	With_Or_From	Aspect	DB_Object_Name	DB_Object_Synonym	DB_Object_Type	Taxon	Date	Assigned_By		
UniProtKB	O43474	KLF4	enables	GO:0003677	PMID:28473536	IDA		F			protein	taxon:9606	20200608	ARUK-UCL		
UniProtKB	O43474	KLF4	enables	GO:0006355	GO_REF:0000113	ISA	tfclass:2.3.1	F			protein	taxon:9606	20190405	NTNU_SB		
UniProtKB	O43474	KLF4	enables	GO:0005694	GO_REF:0000113	ISA	tfclass:2.3.1	F			protein	taxon:9606	20190405	NTNU_SB		
UniProtKB	O43474	KLF4	enables	GO:0140110	GO_REF:0000113	ISA	tfclass:2.3.1	F			protein	taxon:9606	20190405	NTNU_SB		
UniProtKB	O43474	KLF4	part_of	GO:0005694	GO_REF:0000113	ISA	tfclass:2.3.1	C			protein	taxon:9606	20190405	NTNU_SB		
UniProtKB	O43474	KLF4	enables	GO:0003677	PMID:21873635	IBA	MGI:MGI:1277166|MGI:MGI:1338056|MGI:MGI:1342287|MGI:MGI:1342771|MGI:MGI:1354948|MGI:MGI:2153049|MGI:MGI:2153568|MGI:MGI:2181068|MGI:MGI:95296|MGI:MGI:98372|PANTHER:PTN004619861|RGD:3738|UniProtKB:A0A0G2K5M1|UniProtKB:O75840|UniProtKB:O95600|UniProtKB:P08047|UniProtKB:P11161|UniProtKB:P18146|UniProtKB:P19544|UniProtKB:Q02086|UniProtKB:Q13118|UniProtKB:Q13887|UniProtKB:Q99612|UniProtKB:Q9UIH9|UniProtKB:Q9Y4X4|WB:WBGene00018990	F			protein	taxon:9606	20220415	GO_Central		
UniProtKB	O43474	KLF4	enables	GO:0006355	PMID:21873635	IBA	FB:FBgn0000233|MGI:MGI:1277166|MGI:MGI:1306780|MGI:MGI:1333796|MGI:MGI:1333856|MGI:MGI:1338056|MGI:MGI:1342287|MGI:MGI:1342771|MGI:MGI:1354948|MGI:MGI:1927715|MGI:MGI:2153049|MGI:MGI:2153568|MGI:MGI:2181068|MGI:MGI:95295|MGI:MGI:95296|MGI:MGI:98372|MGI:MGI:98968|PANTHER:PTN004619861|RGD:2544|RGD:621445|UniProtKB:A0A0G2K5M1|UniProtKB:O14901|UniProtKB:O43474|UniProtKB:O75840|UniProtKB:O95600|UniProtKB:P08047|UniProtKB:P11161|UniProtKB:P18146|UniProtKB:P19544|UniProtKB:Q02086|UniProtKB:Q05215|UniProtKB:Q13118|UniProtKB:Q13887|UniProtKB:Q99612|UniProtKB:Q9UIH9|UniProtKB:Q9Y4X4|UniProtKB:Q9Y5W3|WB:WBGene00012735|ZFIN:ZDB-GENE-011116-1|ZFIN:ZDB-GENE-021115-9	F			protein	taxon:9606	20211112	GO_Central		
UniProtKB	O43474	KLF4	enables	GO:0005694	PMID:21873635	IBA	FB:FBgn0000233|MGI:MGI:1277166|MGI:MGI:1306780|MGI:MGI:1333796|MGI:MGI:1333856|MGI:MGI:1338056|MGI:MGI:1342287|MGI:MGI:1342771|MGI:MGI:1354948|MGI:MGI:1927715|MGI:MGI:2153049|MGI:MGI:2153568|MGI:MGI:2181068|MGI:MGI:95295|MGI:MGI:95296|MGI:MGI:98372|MGI:MGI:98968|PANTHER:PTN004619861|RGD:2544|RGD:621445|UniProtKB:A0A0G2K5M1|UniProtKB:O14901|UniProtKB:O43474|UniProtKB:O75840|UniProtKB:O95600|UniProtKB:P08047|UniProtKB:P11161|UniProtKB:P18146|UniProtKB:P19544|UniProtKB:Q02086|UniProtKB:Q05215|UniProtKB:Q13118|UniProtKB:Q13887|UniProtKB:Q99612|UniProtKB:Q9UIH9|UniProtKB:Q9Y4X4|UniProtKB:Q9Y5W3|WB:WBGene00012735|ZFIN:ZDB-GENE-011116-1|ZFIN:ZDB-GENE-021115-9	F			protein	taxon:9606	20211112	GO_Central		
UniProtKB	O43474	KLF4	enables	GO:0140110	PMID:21873635	IBA	FB:FBgn0000233|MGI:MGI:1277166|MGI:MGI:1306780|MGI:MGI:1333796|MGI:MGI:1333856|MGI:MGI:1338056|MGI:MGI:1342287|MGI:MGI:1342771|MGI:MGI:1354948|MGI:MGI:1927715|MGI:MGI:2153049|MGI:MGI:2153568|MGI:MGI:2181068|MGI:MGI:95295|MGI:MGI:95296|MGI:MGI:98372|MGI:MGI:98968|PANTHER:PTN004619861|RGD:2544|RGD:621445|UniProtKB:A0A0G2K5M1|UniProtKB:O14901|UniProtKB:O43474|UniProtKB:O75840|UniProtKB:O95600|UniProtKB:P08047|UniProtKB:P11161|UniProtKB:P18146|UniProtKB:P19544|UniProtKB:Q02086|UniProtKB:Q05215|UniProtKB:Q13118|UniProtKB:Q13887|UniProtKB:Q99612|UniProtKB:Q9UIH9|UniProtKB:Q9Y4X4|UniProtKB:Q9Y5W3|WB:WBGene00012735|ZFIN:ZDB-GENE-011116-1|ZFIN:ZDB-GENE-021115-9	F			protein	taxon:9606	20211112	GO_Central		
UniProtKB	O43474	KLF4	involved_in	GO:0006355	PMID:21873635	IBA	CGD:CAL0000197117|FB:FBgn0000233|FB:FBgn0043364|FB:FBgn0261434|FB:FBgn0263239|MGI:MGI:1306780|MGI:MGI:1333796|MGI:MGI:1333856|MGI:MGI:1338056|MGI:MGI:1342287|MGI:MGI:1342771|MGI:MGI:1342772|MGI:MGI:1342773|MGI:MGI:1354948|MGI:MGI:1927715|MGI:MGI:2153049|MGI:MGI:2153568|MGI:MGI:2181068|MGI:MGI:3577024|MGI:MGI:95295|MGI:MGI:95296|MGI:MGI:98372|MGI:MGI:98968|PANTHER:PTN004619861|RGD:2544|RGD:2546|RGD:3738|RGD:3974|RGD:621445|RGD:62389|SGD:S000004794|UniProtKB:O14901|UniProtKB:O43474|UniProtKB:O75840|UniProtKB:O95600|UniProtKB:P08047|UniProtKB:P11161|UniProtKB:P18146|UniProtKB:P19544|UniProtKB:Q02086|UniProtKB:Q02446|UniProtKB:Q02447|UniProtKB:Q05215|UniProtKB:Q13118|UniProtKB:Q13887|UniProtKB:Q59U10|UniProtKB:Q7RTV3|UniProtKB:Q8TD94|UniProtKB:Q8TDD2|UniProtKB:Q99612|UniProtKB:Q9UIH9|UniProtKB:Q9Y4X4|UniProtKB:Q9Y5W3|WB:WBGene00012735|WB:WBGene00018990|ZFIN:ZDB-GENE-021115-9	P			protein	taxon:9606	20220415	GO_Central		
UniProtKB	O43474	KLF4	involved_in	GO:0006355	PMID:27907090	IMP		P			protein	taxon:9606	20170227	UniProt		
UniProtKB	O43474	KLF4	enables	GO:0003677	GO_REF:0000024	ISS	UniProtKB:Q60793	F			protein	taxon:9606	20101215	UniProt		
UniProtKB	O43474	KLF4	involved_in	GO:0006355	GO_REF:0000024	ISS	UniProtKB:Q60793	P			protein	taxon:9606	20101215	UniProt		
UniProtKB	O43474	KLF4	enables	GO:0003677	GO_REF:0000043	IEA	UniProtKB-KW:KW-0238	F			protein	taxon:9606	20220613	UniProt		
UniProtKB	O43474	KLF4	located_in	GO:0005634	GO_REF:0000043	IEA	UniProtKB-KW:KW-0539	C			protein	taxon:9606	20220613	UniProt		
UniProtKB	O43474	KLF4	enables	GO:0006355	PMID:10431239	TAS		F			protein	taxon:9606	20030904	PINC		
UniProtKB	O43474	KLF4	enables	GO:0140110	PMID:10431239	TAS		F			protein	taxon:9606	20030904	PINC		
UniProtKB	O43474	KLF4	involved_in	GO:0048856	PMID:8940147	TAS		P			protein	taxon:9606	20030904	PINC		
UniProtKB	O43474	KLF4	involved_in	GO:0030154	PMID:8940147	TAS		P			protein	taxon:9606	20030904	PINC		
UniProtKB	O43474	KLF4	located_in	GO:0005654	Reactome:R-HSA-480204	TAS		C			protein	taxon:9606	20130516	Reactome		
UniProtKB	O43474	KLF4	enables	GO:0003677	GO_REF:0000107	IEA	UniProtKB:Q60793|ensembl:ENSMUSP00000103245	F			protein	taxon:9606	20220613	Ensembl		
UniProtKB	O43474	KLF4	enables	GO:0003677	GO_REF:0000107	IEA	UniProtKB:Q60793|ensembl:ENSMUSP00000103245	F			protein	taxon:9606	20220613	Ensembl		
UniProtKB	O43474	KLF4	enables	GO:0006355	GO_REF:0000107	IEA	UniProtKB:Q60793|ensembl:ENSMUSP00000103245	F			protein	taxon:9606	20220613	Ensembl		
UniProtKB	O43474	KLF4	enables	GO:0005694	GO_REF:0000107	IEA	UniProtKB:Q60793|ensembl:ENSMUSP00000103245	F			protein	taxon:9606	20220613	Ensembl		
UniProtKB	O43474	KLF4	enables	GO:0140110	GO_REF:0000107	IEA	UniProtKB:Q60793|ensembl:ENSMUSP00000103245	F			protein	taxon:9606	20220613	Ensembl		
UniProtKB	O43474	KLF4	enables	GO:0060090	GO_REF:0000107	IEA	UniProtKB:Q60793|ensembl:ENSMUSP00000103245	F			protein	taxon:9606	20220613	Ensembl		
UniProtKB	O43474	KLF4	enables	GO:0006355	GO_REF:0000107	IEA	UniProtKB:Q60793|ensembl:ENSMUSP00000103245	F			protein	taxon:9606	20220613	Ensembl		
UniProtKB	O43474	KLF4	enables	GO:0005694	GO_REF:0000107	IEA	UniProtKB:Q60793|ensembl:ENSMUSP00000103245	F			protein	taxon:9606	20220613	Ensembl		
UniProtKB	O43474	KLF4	enables	GO:0140110	GO_REF:0000107	IEA	UniProtKB:Q60793|ensembl:ENSMUSP00000103245	F			protein	taxon:9606	20220613	Ensembl		
UniProtKB	O43474	KLF4	enables	GO:0006355	GO_REF:0000107	IEA	UniProtKB:Q60793|ensembl:ENSMUSP00000103245	F			protein	taxon:9606	20220613	Ensembl		
UniProtKB	O43474	KLF4	enables	GO:0140110	GO_REF:0000107	IEA	UniProtKB:Q60793|ensembl:ENSMUSP00000103245	F			protein	taxon:9606	20220613	Ensembl		
UniProtKB	O43474	KLF4	involved_in	GO:0006355	GO_REF:0000107	IEA	UniProtKB:Q60793|ensembl:ENSMUSP00000103245	P			protein	taxon:9606	20220613	Ensembl		
UniProtKB	O43474	KLF4	involved_in	GO:0030154	GO_REF:0000107	IEA	UniProtKB:Q60793|ensembl:ENSMUSP00000103245	P			protein	taxon:9606	20220613	Ensembl		
UniProtKB	O43474	KLF4	involved_in	GO:0006355	GO_REF:0000107	IEA	UniProtKB:Q60793|ensembl:ENSMUSP00000103245	P			protein	taxon:9606	20220613	Ensembl		
UniProtKB	O43474	KLF4	involved_in	GO:0006355	GO_REF:0000107	IEA	UniProtKB:Q60793|ensembl:ENSMUSP00000103245	P			protein	taxon:9606	20220613	Ensembl		
UniProtKB	O43474	KLF4	involved_in	GO:0048856	GO_REF:0000107	IEA	UniProtKB:Q60793|ensembl:ENSMUSP00000103245	P			protein	taxon:9606	20220613	Ensembl		
UniProtKB	O43474	KLF4	involved_in	GO:0023052	GO_REF:0000107	IEA	UniProtKB:Q60793|ensembl:ENSMUSP00000103245	P			protein	taxon:9606	20220613	Ensembl		
UniProtKB	O43474	KLF4	involved_in	GO:0048856	GO_REF:0000107	IEA	UniProtKB:Q60793|ensembl:ENSMUSP00000103245	P			protein	taxon:9606	20220613	Ensembl		
UniProtKB	O43474	KLF4	enables	GO:0003677	GO_REF:0000107	IEA	UniProtKB:Q60793|ensembl:ENSMUSP00000103245	F			protein	taxon:9606	20220613	Ensembl		
UniProtKB	O43474	KLF4	involved_in	GO:0048856	GO_REF:0000107	IEA	UniProtKB:Q60793|ensembl:ENSMUSP00000103245	P			protein	taxon:9606	20220613	Ensembl		
UniProtKB	O43474	KLF4	involved_in	GO:0048856	GO_REF:0000107	IEA	UniProtKB:Q60793|ensembl:ENSMUSP00000103245	P			protein	taxon:9606	20220613	Ensembl		
UniProtKB	O43474	KLF4	involved_in	GO:0030154	GO_REF:0000107	IEA	UniProtKB:Q60793|ensembl:ENSMUSP00000103245	P			protein	taxon:9606	20220613	Ensembl		
UniProtKB	O43474	KLF4	located_in	GO:0005634	GO_REF:0000107	IEA	UniProtKB:Q60793|ensembl:ENSMUSP00000103245	C			protein	taxon:9606	20220613	Ensembl		
UniProtKB	O43474	KLF4	located_in	GO:0005694	GO_REF:0000107	IEA	UniProtKB:Q60793|ensembl:ENSMUSP00000103245	C			protein	taxon:9606	20220613	Ensembl		
UniProtKB	O43474	KLF4	involved_in	GO:0048856	GO_REF:0000107	IEA	UniProtKB:Q60793|ensembl:ENSMUSP00000103245	P			protein	taxon:9606	20220613	Ensembl		
UniProtKB	O43474	KLF4	involved_in	GO:0006351	GO_REF:0000107	IEA	UniProtKB:Q60793|ensembl:ENSMUSP00000103245	P			protein	taxon:9606	20220613	Ensembl		
UniProtKB	O43474	KLF4	involved_in	GO:0006355	GO_REF:0000107	IEA	UniProtKB:Q60793|ensembl:ENSMUSP00000103245	P			protein	taxon:9606	20220613	Ensembl		
UniProtKB	O43474	KLF4	involved_in	GO:0006351	GO_REF:0000107	IEA	UniProtKB:Q60793|ensembl:ENSMUSP00000103245	P			protein	taxon:9606	20220613	Ensembl		
UniProtKB	O43474	KLF4	involved_in	GO:0048856	GO_REF:0000107	IEA	UniProtKB:Q60793|ensembl:ENSMUSP00000103245	P			protein	taxon:9606	20220613	Ensembl		
UniProtKB	O43474	KLF4	involved_in	GO:0030154	GO_REF:0000107	IEA	UniProtKB:Q60793|ensembl:ENSMUSP00000103245	P			protein	taxon:9606	20220613	Ensembl		
UniProtKB	O43474	KLF4	enables	GO:0003677	GO_REF:0000107	IEA	UniProtKB:Q60793|ensembl:ENSMUSP00000103245	F			protein	taxon:9606	20220613	Ensembl		
UniProtKB	O43474	KLF4	enables	GO:0003677	PMID:21539536	IDA		F			protein	taxon:9606	20111118	BHF-UCL	occurs_at(SO:0000167)	
UniProtKB	O43474	KLF4	involved_in	GO:0006355	PMID:27431648	IDA		P			protein	taxon:9606	20180216	BHF-UCL	"occurs_in(CL:0002618),has_input(UniProtKB:P15692)"	
UniProtKB	O43474	KLF4	involved_in	GO:0006355	PMID:23867820	IDA		P			protein	taxon:9606	20210107	BHF-UCL	has_input(RNAcentral:URS0000171CD1_9606)	
UniProtKB	O43474	KLF4	involved_in	GO:0006355	PMID:20551324	IDA		P			protein	taxon:9606	20111124	BHF-UCL		
UniProtKB	O43474	KLF4	located_in	GO:0005694	PMID:21539536	IDA		C			protein	taxon:9606	20111118	BHF-UCL		
UniProtKB	O43474	KLF4	involved_in	GO:0006355	PMID:20551324	IDA		P			protein	taxon:9606	20151126	BHF-UCL	has_input(UniProtKB:P19320)	
UniProtKB	O43474	KLF4	involved_in	GO:0006355	PMID:20551324	IGI	UniProtKB:Q62862	P			protein	taxon:9606	20151106	BHF-UCL	"part_of(GO:0060761),has_output(UniProtKB:P29474)"	
UniProtKB	O43474	KLF4	enables	GO:0006355	PMID:21539536	IMP		F			protein	taxon:9606	20111118	BHF-UCL	occurs_at(SO:0001952)	
UniProtKB	O43474	KLF4	enables	GO:0005694	PMID:21539536	IMP		F			protein	taxon:9606	20111118	BHF-UCL	occurs_at(SO:0001952)	
UniProtKB	O43474	KLF4	enables	GO:0140110	PMID:21539536	IMP		F			protein	taxon:9606	20111118	BHF-UCL	occurs_at(SO:0001952)	
UniProtKB	O43474	KLF4	involved_in	GO:0006355	PMID:22430140	IMP		P			protein	taxon:9606	20140519	BHF-UCL	"has_input(UniProtKB:P00966),occurs_in(CL:0002618)|has_input(UniProtKB:P29474),occurs_in(CL:0002618)"	
UniProtKB	O43474	KLF4	involved_in	GO:0006355	PMID:22723415	IMP		P			protein	taxon:9606	20170227	BHF-UCL	has_input(UniProtKB:O14746)	
UniProtKB	O43474	KLF4	involved_in	GO:0048856	PMID:21539536	IMP		P			protein	taxon:9606	20111118	BHF-UCL	occurs_in(CL:0000764)	
UniProtKB	O43474	KLF4	involved_in	GO:0002376	PMID:21539536	IMP		P			protein	taxon:9606	20111118	BHF-UCL	occurs_in(CL:0000764)	
UniProtKB	O43474	KLF4	enables	GO:0060090	GO_REF:0000024	ISS	UniProtKB:Q60793	F			protein	taxon:9606	20101220	BHF-UCL		
UniProtKB	O43474	KLF4	involved_in	GO:0030154	GO_REF:0000024	ISS	UniProtKB:Q60793	P			protein	taxon:9606	20101220	BHF-UCL		
UniProtKB	O43474	KLF4	involved_in	GO:0006355	GO_REF:0000024	ISS	UniProtKB:Q60793	P			protein	taxon:9606	20101220	BHF-UCL		
UniProtKB	O43474	KLF4	located_in	GO:0005634	GO_REF:0000044	IEA	UniProtKB-SubCell:SL-0191	C			protein	taxon:9606	20220613	UniProt		
UniProtKB	O43474	KLF4	located_in	GO:0005829	GO_REF:0000052	IDA		C			protein	taxon:9606	20211118	HPA		
UniProtKB	O43474	KLF4	located_in	GO:0005654	GO_REF:0000052	IDA		C			protein	taxon:9606	20211118	HPA		
UniProtKB	O43474	KLF4	located_in	GO:0005856	GO_REF:0000052	IDA		C			protein	taxon:9606	20211118	HPA		
UniProtKB	O43474	KLF4	enables	GO:0006355	PMID:9422764	NAS		F			protein	taxon:9606	20031216	UniProt		
UniProtKB	O43474	KLF4	enables	GO:0140110	PMID:9422764	NAS		F			protein	taxon:9606	20031216	UniProt		
UniProtKB	O43474	KLF4	involved_in	GO:0006355	PMID:9422764	IDA		P			protein	taxon:9606	20110607	UniProt		
UniProtKB	O43474	KLF4	involved_in	GO:0006355	PMID:9422764	NAS		P			protein	taxon:9606	20031216	UniProt		
UniProtKB	P01106	MYC	enables	GO:0003677	PMID:30873824	IDA		F			protein	taxon:9606	20190430	ARUK-UCL	"has_input(UniProtKB:P15692),occurs_in(CL:0002618)"	
UniProtKB	P01106	MYC	enables	GO:0006355	PMID:27791094	IDA		F			protein	taxon:9606	20210619	ARUK-UCL	"occurs_in(CL:0000351),has_input(RNAcentral:URS00000A68B2_9606),occurs_in(UBERON:0000319),part_of(GO:1902895)"	
UniProtKB	P01106	MYC	enables	GO:0005694	PMID:27791094	IDA		F			protein	taxon:9606	20210619	ARUK-UCL	"occurs_in(CL:0000351),has_input(RNAcentral:URS00000A68B2_9606),occurs_in(UBERON:0000319),part_of(GO:1902895)"	
UniProtKB	P01106	MYC	enables	GO:0140110	PMID:27791094	IDA		F			protein	taxon:9606	20210619	ARUK-UCL	"occurs_in(CL:0000351),has_input(RNAcentral:URS00000A68B2_9606),occurs_in(UBERON:0000319),part_of(GO:1902895)"	
UniProtKB	P01106	MYC	involved_in	GO:0006355	PMID:27791094	IDA		P			protein	taxon:9606	20210619	ARUK-UCL	"occurs_in(CL:0000351),has_input(RNAcentral:URS00000A68B2_9606),occurs_in(UBERON:0000319)"	
UniProtKB	P01106	MYC	enables	GO:0003677	PMID:27791094	IDA		F			protein	taxon:9606	20210619	ARUK-UCL	"occurs_in(CL:0000351),occurs_in(UBERON:0000319),part_of(GO:1902895)"	
UniProtKB	P01106	MYC	involved_in	GO:0006355	PMID:10723141	IDA		P			protein	taxon:9606	20140327	NTNU_SB	has_input(NCBI_Gene:7015)	
UniProtKB	P01106	MYC	enables	GO:0003677	PMID:10723141	IDA		F			protein	taxon:9606	20140327	NTNU_SB		
UniProtKB	P01106	MYC	enables	GO:0006355	PMID:10723141	IDA		F			protein	taxon:9606	20140226	NTNU_SB	occurs_at(SO:0001952)	
UniProtKB	P01106	MYC	enables	GO:0005694	PMID:10723141	IDA		F			protein	taxon:9606	20140226	NTNU_SB	occurs_at(SO:0001952)	
UniProtKB	P01106	MYC	enables	GO:0140110	PMID:10723141	IDA		F			protein	taxon:9606	20140226	NTNU_SB	occurs_at(SO:0001952)	
UniProtKB	P01106	MYC	enables	GO:0006355	GO_REF:0000113	ISA	tfclass:1.2.6	F			protein	taxon:9606	20190405	NTNU_SB		
UniProtKB	P01106	MYC	enables	GO:0005694	GO_REF:0000113	ISA	tfclass:1.2.6	F			protein	taxon:9606	20190405	NTNU_SB		
UniProtKB	P01106	MYC	enables	GO:0140110	GO_REF:0000113	ISA	tfclass:1.2.6	F			protein	taxon:9606	20190405	NTNU_SB		
UniProtKB	P01106	MYC	part_of	GO:0005694	GO_REF:0000113	ISA	tfclass:1.2.6	C			protein	taxon:9606	20190405	NTNU_SB		
UniProtKB	P01106	MYC	enables	GO:0006355	PMID:21873635	IBA	PANTHER:PTN001691821|UniProtKB:P01106|UniProtKB:P04198|ZFIN:ZDB-GENE-040426-780	F			protein	taxon:9606	20210601	GO_Central		
UniProtKB	P01106	MYC	enables	GO:0005694	PMID:21873635	IBA	PANTHER:PTN001691821|UniProtKB:P01106|UniProtKB:P04198|ZFIN:ZDB-GENE-040426-780	F			protein	taxon:9606	20210601	GO_Central		
UniProtKB	P01106	MYC	enables	GO:0140110	PMID:21873635	IBA	PANTHER:PTN001691821|UniProtKB:P01106|UniProtKB:P04198|ZFIN:ZDB-GENE-040426-780	F			protein	taxon:9606	20210601	GO_Central		
UniProtKB	P01106	MYC	involved_in	GO:0006355	PMID:21873635	IBA	FB:FBgn0262656|MGI:MGI:97250|MGI:MGI:97357|PANTHER:PTN001691821|RGD:3130|UniProtKB:P01106|UniProtKB:P04198|ZFIN:ZDB-GENE-040426-780	P			protein	taxon:9606	20220417	GO_Central		
UniProtKB	P01106	MYC	involved_in	GO:0006355	PMID:17558397	IDA		P			protein	taxon:9606	20100607	UniProt		
UniProtKB	P01106	MYC	located_in	GO:0005730	PMID:25775507	IDA		C			protein	taxon:9606	20180223	UniProt		
UniProtKB	P01106	MYC	located_in	GO:0005730	PMID:17558397	IDA		C			protein	taxon:9606	20100607	UniProt		
UniProtKB	P01106	MYC	located_in	GO:0005654	PMID:17558397	IDA		C			protein	taxon:9606	20100607	UniProt		
UniProtKB	P01106	MYC	involved_in	GO:0000278	PMID:25438055	IDA		P			protein	taxon:9606	20210630	UniProt		
UniProtKB	P01106	MYC	enables	GO:0006355	PMID:25956029	IMP		F			protein	taxon:9606	20170510	UniProt		
UniProtKB	P01106	MYC	enables	GO:0005694	PMID:25956029	IMP		F			protein	taxon:9606	20170510	UniProt		
UniProtKB	P01106	MYC	enables	GO:0140110	PMID:25956029	IMP		F			protein	taxon:9606	20170510	UniProt		
UniProtKB	P01106	MYC	enables	GO:0006355	GO_REF:0000002	IEA	InterPro:IPR002418|InterPro:IPR003327|InterPro:IPR012682	F			protein	taxon:9606	20220613	InterPro		
UniProtKB	P01106	MYC	enables	GO:0140110	GO_REF:0000002	IEA	InterPro:IPR002418|InterPro:IPR003327|InterPro:IPR012682	F			protein	taxon:9606	20220613	InterPro		
UniProtKB	P01106	MYC	involved_in	GO:0006355	GO_REF:0000002	IEA	InterPro:IPR002418|InterPro:IPR003327|InterPro:IPR012682	P			protein	taxon:9606	20220613	InterPro		
UniProtKB	P01106	MYC	enables	GO:0003677	GO_REF:0000043	IEA	UniProtKB-KW:KW-0238	F			protein	taxon:9606	20220613	UniProt		
UniProtKB	P01106	MYC	located_in	GO:0005634	GO_REF:0000043	IEA	UniProtKB-KW:KW-0539	C			protein	taxon:9606	20220613	UniProt		
UniProtKB	P01106	MYC	located_in	GO:0005634	PMID:9187264	TAS		C			protein	taxon:9606	20030904	PINC		
UniProtKB	P01106	MYC	located_in	GO:0005634	PMID:15994933	IDA		C			protein	taxon:9606	20051223	MGI		
UniProtKB	P01106	MYC	located_in	GO:0005654	Reactome:R-HSA-1484099	TAS		C			protein	taxon:9606	20120120	Reactome		
UniProtKB	P01106	MYC	located_in	GO:0005654	Reactome:R-HSA-1980067	TAS		C			protein	taxon:9606	20120120	Reactome		
UniProtKB	P01106	MYC	located_in	GO:0005654	Reactome:R-HSA-2220985	TAS		C			protein	taxon:9606	20120120	Reactome		
UniProtKB	P01106	MYC	located_in	GO:0005654	Reactome:R-HSA-4411357	TAS		C			protein	taxon:9606	20120120	Reactome		
UniProtKB	P01106	MYC	located_in	GO:0005654	Reactome:R-HSA-5687083	TAS		C			protein	taxon:9606	20120120	Reactome		
UniProtKB	P01106	MYC	located_in	GO:0005654	Reactome:R-HSA-5687113	TAS		C			protein	taxon:9606	20120120	Reactome		
UniProtKB	P01106	MYC	located_in	GO:0005654	Reactome:R-HSA-5696914	TAS		C			protein	taxon:9606	20160519	Reactome		
UniProtKB	P01106	MYC	located_in	GO:0005654	Reactome:R-HSA-6790036	TAS		C			protein	taxon:9606	20120120	Reactome		
UniProtKB	P01106	MYC	located_in	GO:0005654	Reactome:R-HSA-8865265	TAS		C			protein	taxon:9606	20120120	Reactome		
UniProtKB	P01106	MYC	located_in	GO:0005654	Reactome:R-HSA-8865280	TAS		C			protein	taxon:9606	20120120	Reactome		
UniProtKB	P01106	MYC	located_in	GO:0005654	Reactome:R-HSA-8932400	TAS		C			protein	taxon:9606	20120120	Reactome		
UniProtKB	P01106	MYC	located_in	GO:0005654	Reactome:R-HSA-9011975	TAS		C			protein	taxon:9606	20120120	Reactome		
UniProtKB	P01106	MYC	located_in	GO:0005654	Reactome:R-HSA-9725332	TAS		C			protein	taxon:9606	20120120	Reactome		
UniProtKB	P01106	MYC	located_in	GO:0005654	Reactome:R-HSA-9762097	TAS		C			protein	taxon:9606	20120120	Reactome		
UniProtKB	P01106	MYC	located_in	GO:0005634	PMID:15358760	IDA		C			protein	taxon:9606	20111213	BHF-UCL		
UniProtKB	P01106	MYC	enables	GO:0003677	PMID:19786833	IMP		F			protein	taxon:9606	20180803	BHF-UCL	occurs_at(SO:0000167)	
UniProtKB	P01106	MYC	enables	GO:0006355	PMID:19786833	IMP		F			protein	taxon:9606	20180803	BHF-UCL	"has_input(UniProtKB:P24385),occurs_at(SO:0005836)"	
UniProtKB	P01106	MYC	enables	GO:0005694	PMID:19786833	IMP		F			protein	taxon:9606	20180803	BHF-UCL	"has_input(UniProtKB:P24385),occurs_at(SO:0005836)"	
UniProtKB	P01106	MYC	enables	GO:0140110	PMID:19786833	IMP		F			protein	taxon:9606	20180803	BHF-UCL	"has_input(UniProtKB:P24385),occurs_at(SO:0005836)"	
UniProtKB	P01106	MYC	located_in	GO:0005694	PMID:12837246	IMP		C			protein	taxon:9606	20210108	BHF-UCL	coincident_with(SO:0000167)	
UniProtKB	P01106	MYC	involved_in	GO:0006355	PMID:19786833	IMP		P			protein	taxon:9606	20180803	BHF-UCL	has_input(UniProtKB:P24385)	
UniProtKB	P01106	MYC	involved_in	GO:0006355	GO_REF:0000024	ISS	UniProtKB:P01108	P			protein	taxon:9606	20161128	BHF-UCL	has_input(UniProtKB:O14746)	
UniProtKB	P01106	MYC	located_in	GO:0005730	GO_REF:0000044	IEA	UniProtKB-SubCell:SL-0188	C			protein	taxon:9606	20220613	UniProt		
UniProtKB	P01106	MYC	located_in	GO:0005654	GO_REF:0000044	IEA	UniProtKB-SubCell:SL-0190	C			protein	taxon:9606	20220613	UniProt		
UniProtKB	P01106	MYC	located_in	GO:0005654	GO_REF:0000052	IDA		C			protein	taxon:9606	20151016	HPA		
UniProtKB	P01106	MYC	enables	GO:0098772	PMID:15663936	EXP		F			protein	taxon:9606	20220228	DisProt		
UniProtKB	P01106	MYC	enables	GO:0098772	PMID:8755740	EXP		F			protein	taxon:9606	20220228	DisProt		
UniProtKB	P01106	MYC	involved_in	GO:0006355	PMID:8425218	IDA		P			protein	taxon:9606	20150629	ComplexPortal		
UniProtKB	P01106	MYC	located_in	GO:0005634	PMID:18393360	IDA		C			protein	taxon:9606	20170712	ComplexPortal		
UniProtKB	P01106	MYC	located_in	GO:0005634	PMID:8782822	IDA		C			protein	taxon:9606	20161014	ComplexPortal		
UniProtKB	P01106	MYC	involved_in	GO:0006355	PMID:10412034	IDA		P			protein	taxon:9606	20161014	ComplexPortal		
UniProtKB	P01106	MYC	involved_in	GO:0006355	PMID:18393360	IDA		P			protein	taxon:9606	20170712	ComplexPortal		
UniProtKB	P01106	MYC	located_in	GO:0005634	PMID:12553908	IPI		C			protein	taxon:9606	20150629	ComplexPortal		
UniProtKB	P01106	MYC	located_in	GO:0005634	PMID:15992821	IPI		C			protein	taxon:9606	20161014	ComplexPortal		
UniProtKB	P01106	MYC	located_in	GO:0005634	PMID:18393360	IPI		C			protein	taxon:9606	20170712	ComplexPortal		
UniProtKB	P01106	MYC	involved_in	GO:0023052	PMID:15459207	IDA		P			protein	taxon:9606	20160721	CAFA	occurs_in(CL:0010021)	
UniProtKB	P01106	MYC	involved_in	GO:0006355	PMID:19160485	IDA		P			protein	taxon:9606	20170125	CAFA		
UniProtKB	P01106	MYC	enables	GO:0006355	PMID:9924025	IDA		F			protein	taxon:9606	20111117	UniProt		
UniProtKB	P01106	MYC	enables	GO:0140110	PMID:9924025	IDA		F			protein	taxon:9606	20111117	UniProt		
UniProtKB	P01106	MYC	involved_in	GO:0006355	PMID:18818310	IDA		P			protein	taxon:9606	20100329	UniProt		
UniProtKB	P01106	MYC	involved_in	GO:0006355	PMID:10962037	IDA		P			protein	taxon:9606	20111117	UniProt	has_input(UniProtKB:P04637)	
UniProtKB	P01106	MYC	located_in	GO:0005634	PMID:11793365	IDA		C			protein	taxon:9606	20100827	UniProt		
UniProtKB	P01106	MYC	involved_in	GO:0006091	PMID:9924025	NAS		P			protein	taxon:9606	20111117	UniProt		
UniProtKB	P01106	MYC	involved_in	GO:0006355	PMID:9924025	IDA		P			protein	taxon:9606	20111117	UniProt	has_input(UniProtKB:P02794)	
UniProtKB	P01106	MYC	involved_in	GO:0006325	PMID:21533051	IDA		P			protein	taxon:9606	20111120	UniProt		
UniProtKB	P01106	MYC	involved_in	GO:0055065	PMID:9924025	IDA		P			protein	taxon:9606	20111117	UniProt		
UniProtKB	P01106	MYC	enables	GO:0003677	PMID:18818310	IDA		F			protein	taxon:9606	20100608	UniProt		
UniProtKB	P01106	MYC	enables	GO:0003677	PMID:10597290	TAS		F			protein	taxon:9606	20060308	UniProt		
UniProtKB	P01106	MYC	involved_in	GO:0012501	PMID:10962037	TAS		P			protein	taxon:9606	20111117	UniProt		
UniProtKB	P01106	MYC	involved_in	GO:0006355	PMID:9924025	IMP		P			protein	taxon:9606	20111117	UniProt	has_input(UniProtKB:P48200)	
UniProtKB	P01106	MYC	involved_in	GO:0023052	PMID:17873522	IMP		P			protein	taxon:9606	20111120	UniProt		
UniProtKB	P01106	MYC	enables	GO:0003677	GO_REF:0000024	ISS	UniProtKB:Q28350	F			protein	taxon:9606	20111118	UniProt		
UniProtKB	P01106	MYC	involved_in	GO:0048856	GO_REF:0000024	ISS	UniProtKB:P01108	P			protein	taxon:9606	20091117	UniProt		
UniProtKB	P16070	CD44	is_active_in	GO:0005886	PMID:21873635	IBA	MGI:MGI:2136348|MGI:MGI:88338|PANTHER:PTN000812484|RGD:2307|UniProtKB:F1SGT4|UniProtKB:P16070|UniProtKB:Q9Y5Y7	C			protein	taxon:9606	20211215	GO_Central		
UniProtKB	P16070	CD44	is_active_in	GO:0005886	PMID:21873635	IBA	MGI:MGI:88338|PANTHER:PTN002566805|RGD:2307|UniProtKB:F1SGT4	C			protein	taxon:9606	20200311	GO_Central		
UniProtKB	P16070	CD44	enables	GO:0060089	PMID:21873635	IBA	MGI:MGI:2136348|MGI:MGI:88338|PANTHER:PTN000812484|UniProtKB:P16070	F			protein	taxon:9606	20200929	GO_Central		
UniProtKB	P16070	CD44	contributes_to	GO:0023052	PMID:21873635	IBA	MGI:MGI:88338|PANTHER:PTN002566805|UniProtKB:P16070	F			protein	taxon:9606	20200311	GO_Central		
UniProtKB	P16070	CD44	contributes_to	GO:0060089	PMID:21873635	IBA	MGI:MGI:88338|PANTHER:PTN002566805|UniProtKB:P16070	F			protein	taxon:9606	20200311	GO_Central		
UniProtKB	P16070	CD44	involved_in	GO:0006954	PMID:21873635	IBA	MGI:MGI:88338|PANTHER:PTN002566805|RGD:2307	P			protein	taxon:9606	20200311	GO_Central		
UniProtKB	P16070	CD44	involved_in	GO:0007155	PMID:21873635	IBA	MGI:MGI:88338|PANTHER:PTN002566805|RGD:2307|UniProtKB:P16070	P			protein	taxon:9606	20200311	GO_Central		
UniProtKB	P16070	CD44	located_in	GO:0005886	PMID:20962267	IDA		C			protein	taxon:9606	20170515	UniProt		
UniProtKB	P16070	CD44	located_in	GO:0005886	PMID:20962267	IDA		C			protein	taxon:9606	20170515	UniProt		
UniProtKB	P16070	CD44	involved_in	GO:0048870	PMID:22726066	IDA		P			protein	taxon:9606	20190109	UniProt		
UniProtKB	P16070	CD44	located_in	GO:0005886	PMID:20962267	IDA		C			protein	taxon:9606	20170515	UniProt		
UniProtKB	P16070	CD44	involved_in	GO:0007155	PMID:19703720	IDA		P			protein	taxon:9606	20190109	UniProt		
UniProtKB	P16070	CD44	involved_in	GO:0002376	PMID:7528188	IDA		P			protein	taxon:9606	20190109	UniProt		
UniProtKB	P16070	CD44	involved_in	GO:0048870	PMID:20962267	IMP		P			protein	taxon:9606	20170515	UniProt		
UniProtKB	P16070	CD44	involved_in	GO:0048856	PMID:20962267	IMP		P			protein	taxon:9606	20170515	UniProt		
UniProtKB	P16070	CD44	involved_in	GO:0042060	PMID:20962267	IMP		P			protein	taxon:9606	20170515	UniProt		
UniProtKB	P16070	CD44	involved_in	GO:0007155	GO_REF:0000002	IEA	InterPro:IPR000538|InterPro:IPR001231	P			protein	taxon:9606	20220613	InterPro		
UniProtKB	P16070	CD44	located_in	GO:0005886	GO_REF:0000043	IEA	UniProtKB-KW:KW-1003	C			protein	taxon:9606	20220613	UniProt		
UniProtKB	P16070	CD44	involved_in	GO:0007155	GO_REF:0000043	IEA	UniProtKB-KW:KW-0130	P			protein	taxon:9606	20220613	UniProt		
UniProtKB	P16070	CD44	located_in	GO:0005886	Reactome:R-HSA-1031716	TAS		C			protein	taxon:9606	20121102	Reactome		
UniProtKB	P16070	CD44	located_in	GO:0005886	Reactome:R-HSA-1454791	TAS		C			protein	taxon:9606	20121102	Reactome		
UniProtKB	P16070	CD44	located_in	GO:0005886	Reactome:R-HSA-2160884	TAS		C			protein	taxon:9606	20121102	Reactome		
UniProtKB	P16070	CD44	located_in	GO:0005886	Reactome:R-HSA-2160892	TAS		C			protein	taxon:9606	20121102	Reactome		
UniProtKB	P16070	CD44	located_in	GO:0005886	Reactome:R-HSA-2160915	TAS		C			protein	taxon:9606	20121102	Reactome		
UniProtKB	P16070	CD44	located_in	GO:0005886	Reactome:R-HSA-2752115	TAS		C			protein	taxon:9606	20121102	Reactome		
UniProtKB	P16070	CD44	located_in	GO:0005886	Reactome:R-HSA-2870221	TAS		C			protein	taxon:9606	20121102	Reactome		
UniProtKB	P16070	CD44	located_in	GO:0005886	Reactome:R-HSA-6798743	TAS		C			protein	taxon:9606	20121102	Reactome		
UniProtKB	P16070	CD44	located_in	GO:0031410	Reactome:R-HSA-6798743	TAS		C			protein	taxon:9606	20160715	Reactome		
UniProtKB	P16070	CD44	contributes_to	GO:0023052	PMID:17045821	IDA		F			protein	taxon:9606	20141031	BHF-UCL		
UniProtKB	P16070	CD44	contributes_to	GO:0060089	PMID:17045821	IDA		F			protein	taxon:9606	20141031	BHF-UCL		
UniProtKB	P16070	CD44	located_in	GO:0005886	GO_REF:0000044	IEA	UniProtKB-SubCell:SL-0039	C			protein	taxon:9606	20220613	UniProt		
UniProtKB	P16070	CD44	located_in	GO:0005829	GO_REF:0000052	IDA		C			protein	taxon:9606	20161204	HPA		
UniProtKB	P16070	CD44	located_in	GO:0005886	GO_REF:0000052	IDA		C			protein	taxon:9606	20161204	HPA		
UniProtKB	P16070	CD44	located_in	GO:0005794	GO_REF:0000052	IDA		C			protein	taxon:9606	20161204	HPA		
UniProtKB	P16070	CD44	involved_in	GO:0023052	GO_REF:0000108	IEA	GO:0004896	P			protein	taxon:9606	20220615	GOC		
UniProtKB	P16070	CD44	involved_in	GO:0023052	GO_REF:0000108	IEA	GO:0004896	P			protein	taxon:9606	20220615	GOC		
UniProtKB	P16070	CD44	involved_in	GO:0007155	PMID:1922057	NAS		P			protein	taxon:9606	20010919	UniProt		
UniProtKB	P16070	CD44	involved_in	GO:0048856	PMID:11944887	IEP		P			protein	taxon:9606	20120217	UniProt		
UniProtKB	P16070	CD44	involved_in	GO:1901135	PMID:17170110	IDA		P			protein	taxon:9606	20120217	UniProt		
UniProtKB	P16070	CD44	located_in	GO:0005886	PMID:1991450	NAS		C			protein	taxon:9606	20010919	UniProt		
UniProtKB	P16070	CD44	involved_in	GO:0007155	PMID:1922057	NAS		P			protein	taxon:9606	20010919	UniProt		
UniProtKB	P16070	CD44	located_in	GO:0043226	PMID:23533145	HDA		C			protein	taxon:9606	20140714	UniProt		
UniProtKB	P16070	CD44	located_in	GO:0005615	PMID:23533145	HDA		C			protein	taxon:9606	20140714	UniProt		
UniProtKB	P16070	CD44	located_in	GO:0043226	PMID:20458337	HDA		C			protein	taxon:9606	20130829	UniProt	part_of(CL:0000639)	
UniProtKB	P16070	CD44	located_in	GO:0005615	PMID:20458337	HDA		C			protein	taxon:9606	20130829	UniProt	part_of(CL:0000639)	
UniProtKB	P16070	CD44	located_in	GO:0043226	PMID:19199708	HDA		C			protein	taxon:9606	20131029	UniProt	part_of(UBERON:0001831)	
UniProtKB	P16070	CD44	located_in	GO:0005615	PMID:19199708	HDA		C			protein	taxon:9606	20131029	UniProt	part_of(UBERON:0001831)	
UniProtKB	P16070	CD44	involved_in	GO:0007155	PMID:15100360	IMP		P			protein	taxon:9606	20120216	UniProt		
UniProtKB	P16070	CD44	located_in	GO:0005886	GO_REF:0000117	IEA	ARBA:ARBA00027801	C			protein	taxon:9606	20220613	UniProt		
UniProtKB	P48431	SOX2	involved_in	GO:0006355	PMID:29253717	IDA		P			protein	taxon:9606	20181217	ARUK-UCL	"has_input(UniProtKB:O14672),occurs_in(CL:0000540)"	
UniProtKB	P48431	SOX2	enables	GO:0006355	GO_REF:0000113	ISA	tfclass:4.1.1	F			protein	taxon:9606	20190405	NTNU_SB		
UniProtKB	P48431	SOX2	enables	GO:0005694	GO_REF:0000113	ISA	tfclass:4.1.1	F			protein	taxon:9606	20190405	NTNU_SB		
UniProtKB	P48431	SOX2	enables	GO:0140110	GO_REF:0000113	ISA	tfclass:4.1.1	F			protein	taxon:9606	20190405	NTNU_SB		
UniProtKB	P48431	SOX2	part_of	GO:0005694	GO_REF:0000113	ISA	tfclass:4.1.1	C			protein	taxon:9606	20190405	NTNU_SB		
UniProtKB	P48431	SOX2	enables	GO:0003677	PMID:16153702	IDA		F			protein	taxon:9606	20060726	HGNC-UCL		
UniProtKB	P48431	SOX2	enables	GO:0006355	PMID:16153702	IDA		F			protein	taxon:9606	20060726	HGNC-UCL		
UniProtKB	P48431	SOX2	enables	GO:0140110	PMID:16153702	IDA		F			protein	taxon:9606	20060726	HGNC-UCL		
UniProtKB	P48431	SOX2	involved_in	GO:0006355	PMID:16153702	IDA		P			protein	taxon:9606	20060726	HGNC-UCL		
UniProtKB	P48431	SOX2	located_in	GO:0005634	PMID:16153702	IC	GO:0003677	C			protein	taxon:9606	20060726	HGNC-UCL		
UniProtKB	P48431	SOX2	enables	GO:0003677	PMID:21873635	IBA	MGI:MGI:2654070|MGI:MGI:98357|MGI:MGI:98363|MGI:MGI:98364|MGI:MGI:98365|MGI:MGI:98366|PANTHER:PTN000030384|PomBase:SPBC23G7.09|UniProtKB:O00570|UniProtKB:P35713|UniProtKB:P35716|UniProtKB:Q06945	F			protein	taxon:9606	20200725	GO_Central		
UniProtKB	P48431	SOX2	enables	GO:0006355	PMID:21873635	IBA	FB:FBgn0000411|FB:FBgn0029123|MGI:MGI:103559|MGI:MGI:107543|MGI:MGI:2654070|MGI:MGI:98357|MGI:MGI:98359|MGI:MGI:98360|MGI:MGI:98362|MGI:MGI:98363|MGI:MGI:98364|MGI:MGI:98366|MGI:MGI:98369|MGI:MGI:98660|PANTHER:PTN000030384|PomBase:SPBC23G7.09|RGD:1565646|RGD:69351|UniProtKB:P35713|UniProtKB:Q05066|UniProtKB:Q06945|ZFIN:ZDB-GENE-980526-333|ZFIN:ZDB-GENE-990715-6	F			protein	taxon:9606	20210529	GO_Central		
UniProtKB	P48431	SOX2	enables	GO:0005694	PMID:21873635	IBA	FB:FBgn0000411|FB:FBgn0029123|MGI:MGI:103559|MGI:MGI:107543|MGI:MGI:2654070|MGI:MGI:98357|MGI:MGI:98359|MGI:MGI:98360|MGI:MGI:98362|MGI:MGI:98363|MGI:MGI:98364|MGI:MGI:98366|MGI:MGI:98369|MGI:MGI:98660|PANTHER:PTN000030384|PomBase:SPBC23G7.09|RGD:1565646|RGD:69351|UniProtKB:P35713|UniProtKB:Q05066|UniProtKB:Q06945|ZFIN:ZDB-GENE-980526-333|ZFIN:ZDB-GENE-990715-6	F			protein	taxon:9606	20210529	GO_Central		
UniProtKB	P48431	SOX2	enables	GO:0140110	PMID:21873635	IBA	FB:FBgn0000411|FB:FBgn0029123|MGI:MGI:103559|MGI:MGI:107543|MGI:MGI:2654070|MGI:MGI:98357|MGI:MGI:98359|MGI:MGI:98360|MGI:MGI:98362|MGI:MGI:98363|MGI:MGI:98364|MGI:MGI:98366|MGI:MGI:98369|MGI:MGI:98660|PANTHER:PTN000030384|PomBase:SPBC23G7.09|RGD:1565646|RGD:69351|UniProtKB:P35713|UniProtKB:Q05066|UniProtKB:Q06945|ZFIN:ZDB-GENE-980526-333|ZFIN:ZDB-GENE-990715-6	F			protein	taxon:9606	20210529	GO_Central		
UniProtKB	P48431	SOX2	involved_in	GO:0030154	PMID:21873635	IBA	MGI:MGI:98364|PANTHER:PTN000030807|UniProtKB:P48430|UniProtKB:P48431	P			protein	taxon:9606	20200725	GO_Central		
UniProtKB	P48431	SOX2	involved_in	GO:0006355	PMID:21873635	IBA	MGI:MGI:98364|PANTHER:PTN000030807|RGD:1565646|UniProtKB:P48430|UniProtKB:P48431	P			protein	taxon:9606	20200929	GO_Central		
UniProtKB	P48431	SOX2	involved_in	GO:0048856	PMID:21873635	IBA	MGI:MGI:98364|PANTHER:PTN000030807|UniProtKB:P48431	P			protein	taxon:9606	20200311	GO_Central		
UniProtKB	P48431	SOX2	involved_in	GO:0048856	PMID:21873635	IBA	FB:FBgn0000411|FB:FBgn0005612|FB:FBgn0029123|MGI:MGI:103559|MGI:MGI:107543|MGI:MGI:98357|MGI:MGI:98359|MGI:MGI:98364|MGI:MGI:98365|MGI:MGI:98366|PANTHER:PTN000030384|UniProtKB:C8VAU1|UniProtKB:P35713|UniProtKB:P48430|UniProtKB:P48431|UniProtKB:Q9BT81|UniProtKB:Q9H6I2|UniProtKB:Q9W7R5|WB:WBGene00004771|ZFIN:ZDB-GENE-010111-1|ZFIN:ZDB-GENE-011026-1|ZFIN:ZDB-GENE-030131-8290|ZFIN:ZDB-GENE-030909-1|ZFIN:ZDB-GENE-040109-4|ZFIN:ZDB-GENE-040426-1274|ZFIN:ZDB-GENE-080725-1|ZFIN:ZDB-GENE-980526-333|ZFIN:ZDB-GENE-980526-395|ZFIN:ZDB-GENE-980526-466	P			protein	taxon:9606	20211110	GO_Central		
UniProtKB	P48431	SOX2	involved_in	GO:0030154	PMID:21873635	IBA	FB:FBgn0000411|FB:FBgn0005612|FB:FBgn0029123|FB:FBgn0036411|MGI:MGI:103559|MGI:MGI:107543|MGI:MGI:98357|MGI:MGI:98359|MGI:MGI:98363|MGI:MGI:98364|MGI:MGI:98365|MGI:MGI:98366|PANTHER:PTN000030384|RGD:69351|UniProtKB:C8VAU1|UniProtKB:P35713|UniProtKB:P35716|UniProtKB:P48430|UniProtKB:P48431|UniProtKB:Q9H6I2|UniProtKB:Q9Y651|WB:WBGene00004771|WB:WBGene00004949|WB:WBGene00004950|ZFIN:ZDB-GENE-011026-1|ZFIN:ZDB-GENE-030909-1|ZFIN:ZDB-GENE-040109-4|ZFIN:ZDB-GENE-080725-1|ZFIN:ZDB-GENE-980526-333|ZFIN:ZDB-GENE-980526-395|ZFIN:ZDB-GENE-980526-466	P			protein	taxon:9606	20220413	GO_Central		
UniProtKB	P48431	SOX2	involved_in	GO:0048856	PMID:21873635	IBA	MGI:MGI:98364|PANTHER:PTN000030807|RGD:1565646|UniProtKB:P48431	P			protein	taxon:9606	20200311	GO_Central		
UniProtKB	P48431	SOX2	involved_in	GO:0006355	PMID:21873635	IBA	FB:FBgn0000411|FB:FBgn0005612|FB:FBgn0005613|FB:FBgn0029123|MGI:MGI:103559|MGI:MGI:107543|MGI:MGI:2654070|MGI:MGI:98357|MGI:MGI:98359|MGI:MGI:98360|MGI:MGI:98363|MGI:MGI:98364|MGI:MGI:98366|MGI:MGI:98369|MGI:MGI:98660|PANTHER:PTN000030384|PomBase:SPBC23G7.09|RGD:1565646|RGD:3759|RGD:69351|UniProtKB:P35713|UniProtKB:P35716|UniProtKB:P48430|UniProtKB:P48431|UniProtKB:Q05066|UniProtKB:Q06945|UniProtKB:Q5A220|UniProtKB:Q9BT81|UniProtKB:Q9H6I2|UniProtKB:Q9W7R5|UniProtKB:Q9W7R6|ZFIN:ZDB-GENE-010111-1|ZFIN:ZDB-GENE-011026-1|ZFIN:ZDB-GENE-030909-1|ZFIN:ZDB-GENE-040718-186|ZFIN:ZDB-GENE-060322-5|ZFIN:ZDB-GENE-980526-102|ZFIN:ZDB-GENE-980526-333|ZFIN:ZDB-GENE-990715-6	P			protein	taxon:9606	20220413	GO_Central		
UniProtKB	P48431	SOX2	involved_in	GO:0006355	PMID:21873635	IBA	MGI:MGI:98364|PANTHER:PTN000030807	P			protein	taxon:9606	20200311	GO_Central		
UniProtKB	P48431	SOX2	involved_in	GO:0006355	GO_REF:0000024	ISS	UniProtKB:P48432	P			protein	taxon:9606	20120316	UniProt		
UniProtKB	P48431	SOX2	enables	GO:0003677	GO_REF:0000002	IEA	InterPro:IPR032643	F			protein	taxon:9606	20220613	InterPro		
UniProtKB	P48431	SOX2	located_in	GO:0005634	GO_REF:0000002	IEA	InterPro:IPR032643	C			protein	taxon:9606	20220613	InterPro		
UniProtKB	P48431	SOX2	involved_in	GO:0006355	GO_REF:0000002	IEA	InterPro:IPR022097|InterPro:IPR032643	P			protein	taxon:9606	20220613	InterPro		
UniProtKB	P48431	SOX2	enables	GO:0003677	GO_REF:0000043	IEA	UniProtKB-KW:KW-0238	F			protein	taxon:9606	20220613	UniProt		
UniProtKB	P48431	SOX2	located_in	GO:0005634	GO_REF:0000043	IEA	UniProtKB-KW:KW-0539	C			protein	taxon:9606	20220613	UniProt		
UniProtKB	P48431	SOX2	acts_upstream_of_or_within	GO:0006355	PMID:21245162	IDA		P			protein	taxon:9606	20110711	MGI		
UniProtKB	P48431	SOX2	acts_upstream_of_or_within	GO:0048856	PMID:21245162	IDA		P			protein	taxon:9606	20110629	MGI		
UniProtKB	P48431	SOX2	acts_upstream_of_or_within	GO:0030154	PMID:21245162	IDA		P			protein	taxon:9606	20110629	MGI		
UniProtKB	P48431	SOX2	enables	GO:0003677	PMID:20713518	IDA		F			protein	taxon:9606	20110629	MGI		
UniProtKB	P48431	SOX2	located_in	GO:0005654	Reactome:R-HSA-1112609	TAS		C			protein	taxon:9606	20130516	Reactome		
UniProtKB	P48431	SOX2	located_in	GO:0005654	Reactome:R-HSA-2972948	TAS		C			protein	taxon:9606	20130516	Reactome		
UniProtKB	P48431	SOX2	located_in	GO:0005654	Reactome:R-HSA-2972949	TAS		C			protein	taxon:9606	20130516	Reactome		
UniProtKB	P48431	SOX2	located_in	GO:0005654	Reactome:R-HSA-2972956	TAS		C			protein	taxon:9606	20130516	Reactome		
UniProtKB	P48431	SOX2	located_in	GO:0005654	Reactome:R-HSA-2972960	TAS		C			protein	taxon:9606	20130516	Reactome		
UniProtKB	P48431	SOX2	located_in	GO:0005654	Reactome:R-HSA-2972962	TAS		C			protein	taxon:9606	20130516	Reactome		
UniProtKB	P48431	SOX2	located_in	GO:0005654	Reactome:R-HSA-2972964	TAS		C			protein	taxon:9606	20130516	Reactome		
UniProtKB	P48431	SOX2	located_in	GO:0005654	Reactome:R-HSA-2972965	TAS		C			protein	taxon:9606	20130516	Reactome		
UniProtKB	P48431	SOX2	located_in	GO:0005654	Reactome:R-HSA-2972966	TAS		C			protein	taxon:9606	20130516	Reactome		
UniProtKB	P48431	SOX2	located_in	GO:0005654	Reactome:R-HSA-2972967	TAS		C			protein	taxon:9606	20130516	Reactome		
UniProtKB	P48431	SOX2	located_in	GO:0005654	Reactome:R-HSA-2972975	TAS		C			protein	taxon:9606	20130516	Reactome		
UniProtKB	P48431	SOX2	located_in	GO:0005654	Reactome:R-HSA-2972977	TAS		C			protein	taxon:9606	20130516	Reactome		
UniProtKB	P48431	SOX2	located_in	GO:0005654	Reactome:R-HSA-2972978	TAS		C			protein	taxon:9606	20130516	Reactome		
UniProtKB	P48431	SOX2	located_in	GO:0005654	Reactome:R-HSA-2972979	TAS		C			protein	taxon:9606	20130516	Reactome		
UniProtKB	P48431	SOX2	located_in	GO:0005654	Reactome:R-HSA-452894	TAS		C			protein	taxon:9606	20130516	Reactome		
UniProtKB	P48431	SOX2	located_in	GO:0005654	Reactome:R-HSA-480204	TAS		C			protein	taxon:9606	20130516	Reactome		
UniProtKB	P48431	SOX2	located_in	GO:0005654	Reactome:R-HSA-480685	TAS		C			protein	taxon:9606	20130516	Reactome		
UniProtKB	P48431	SOX2	located_in	GO:0005654	Reactome:R-HSA-5626938	TAS		C			protein	taxon:9606	20130516	Reactome		
UniProtKB	P48431	SOX2	located_in	GO:0005654	Reactome:R-HSA-6790036	TAS		C			protein	taxon:9606	20130516	Reactome		
UniProtKB	P48431	SOX2	located_in	GO:0005654	Reactome:R-HSA-6800120	TAS		C			protein	taxon:9606	20130516	Reactome		
UniProtKB	P48431	SOX2	enables	GO:0003677	GO_REF:0000107	IEA	UniProtKB:D4A543|ensembl:ENSRNOP00000016236	F			protein	taxon:9606	20220613	Ensembl		
UniProtKB	P48431	SOX2	enables	GO:0006355	GO_REF:0000107	IEA	UniProtKB:D4A543|ensembl:ENSRNOP00000016236	F			protein	taxon:9606	20220613	Ensembl		
UniProtKB	P48431	SOX2	enables	GO:0005694	GO_REF:0000107	IEA	UniProtKB:D4A543|ensembl:ENSRNOP00000016236	F			protein	taxon:9606	20220613	Ensembl		
UniProtKB	P48431	SOX2	enables	GO:0140110	GO_REF:0000107	IEA	UniProtKB:D4A543|ensembl:ENSRNOP00000016236	F			protein	taxon:9606	20220613	Ensembl		
UniProtKB	P48431	SOX2	involved_in	GO:0006355	GO_REF:0000107	IEA	UniProtKB:D4A543|ensembl:ENSRNOP00000016236	P			protein	taxon:9606	20220613	Ensembl		
UniProtKB	P48431	SOX2	involved_in	GO:0048856	GO_REF:0000107	IEA	UniProtKB:D4A543|ensembl:ENSRNOP00000016236	P			protein	taxon:9606	20220613	Ensembl		
UniProtKB	P48431	SOX2	located_in	GO:0005634	GO_REF:0000107	IEA	UniProtKB:D4A543|ensembl:ENSRNOP00000016236	C			protein	taxon:9606	20220613	Ensembl		
UniProtKB	P48431	SOX2	involved_in	GO:0048856	GO_REF:0000107	IEA	UniProtKB:D4A543|ensembl:ENSRNOP00000016236	P			protein	taxon:9606	20220613	Ensembl		
UniProtKB	P48431	SOX2	located_in	GO:0005654	GO_REF:0000044	IEA	UniProtKB-SubCell:SL-0186	C			protein	taxon:9606	20220613	UniProt		
UniProtKB	P48431	SOX2	located_in	GO:0005634	GO_REF:0000044	IEA	UniProtKB-SubCell:SL-0191	C			protein	taxon:9606	20220613	UniProt		
UniProtKB	P48431	SOX2	located_in	GO:0005654	GO_REF:0000052	IDA		C			protein	taxon:9606	20141106	HPA		
UniProtKB	P48431	SOX2	enables	GO:0003677	PMID:18407919	IDA		F			protein	taxon:9606	20091014	UniProt		
UniProtKB	P48431	SOX2	enables	GO:0003677	PMID:7849401	NAS		F			protein	taxon:9606	20010831	UniProt		
UniProtKB	P48431	SOX2	enables	GO:0003677	PMID:18407919	IDA		F			protein	taxon:9606	20091023	UniProt		
UniProtKB	P48431	SOX2	enables	GO:0003677	PMID:18285410	IDA		F			protein	taxon:9606	20091023	UniProt		
UniProtKB	P48431	SOX2	enables	GO:0003677	PMID:19427902	IDA		F			protein	taxon:9606	20091030	UniProt		
UniProtKB	P48431	SOX2	enables	GO:0006355	PMID:7849401	NAS		F			protein	taxon:9606	20010831	UniProt		
UniProtKB	P48431	SOX2	enables	GO:0140110	PMID:7849401	NAS		F			protein	taxon:9606	20010831	UniProt		
UniProtKB	P48431	SOX2	enables	GO:0006355	PMID:18027866	IDA		F			protein	taxon:9606	20091119	UniProt		
UniProtKB	P48431	SOX2	enables	GO:0140110	PMID:18027866	IDA		F			protein	taxon:9606	20091119	UniProt		
UniProtKB	P48431	SOX2	involved_in	GO:0006355	PMID:18407919	IDA		P			protein	taxon:9606	20091014	UniProt		
UniProtKB	P48431	SOX2	involved_in	GO:0006355	PMID:18027866	IDA		P			protein	taxon:9606	20091119	UniProt		
UniProtKB	P48431	SOX2	involved_in	GO:0048856	PMID:18407919	IEP		P			protein	taxon:9606	20091023	UniProt		
UniProtKB	P48431	SOX2	enables	GO:0003723	PMID:18710938	IDA		F			protein	taxon:9606	20091105	UniProt		
UniProtKB	P48431	SOX2	involved_in	GO:0048856	PMID:18285410	IEP		P			protein	taxon:9606	20091014	UniProt		
UniProtKB	P48431	SOX2	involved_in	GO:0048856	PMID:17291498	NAS		P			protein	taxon:9606	20091102	UniProt		
UniProtKB	P48431	SOX2	involved_in	GO:0030154	PMID:17291498	NAS		P			protein	taxon:9606	20091102	UniProt		
UniProtKB	P48431	SOX2	involved_in	GO:0048856	PMID:18285410	IEP		P			protein	taxon:9606	20091014	UniProt		
UniProtKB	P48431	SOX2	located_in	GO:0005829	PMID:18000303	IDA		C			protein	taxon:9606	20091104	UniProt		
UniProtKB	P48431	SOX2	located_in	GO:0005634	PMID:7849401	NAS		C			protein	taxon:9606	20010831	UniProt		
UniProtKB	P48431	SOX2	located_in	GO:0005634	PMID:17291498	IDA		C			protein	taxon:9606	20110915	UniProt	part_of(CL:0000125)	
UniProtKB	P48431	SOX2	located_in	GO:0005634	PMID:18285410	IDA		C			protein	taxon:9606	20091014	UniProt		
UniProtKB	P48431	SOX2	located_in	GO:0005634	PMID:18027866	IDA		C			protein	taxon:9606	20091104	UniProt		
UniProtKB	P48431	SOX2	involved_in	GO:0006325	PMID:7849401	NAS		P			protein	taxon:9606	20010831	UniProt		
UniProtKB	P48431	SOX2	involved_in	GO:0006355	PMID:7849401	NAS		P			protein	taxon:9606	20010831	UniProt		
UniProtKB	P48431	SOX2	involved_in	GO:0030154	PMID:18187129	IDA		P			protein	taxon:9606	20091104	UniProt		
UniProtKB	P48431	SOX2	involved_in	GO:0048856	PMID:18285410	IEP		P			protein	taxon:9606	20091014	UniProt		
UniProtKB	P48431	SOX2	involved_in	GO:0048856	GO_REF:0000117	IEA	ARBA:ARBA00027702	P			protein	taxon:9606	20220613	UniProt		
UniProtKB	Q01860	POU5F1	involved_in	GO:0006355	PMID:19409607	IDA		P			protein	taxon:9606	20200123	ARUK-UCL	"has_input(RNAcentral:URS0000527F89_9606),part_of(GO:0060965)"	
UniProtKB	Q01860	POU5F1	enables	GO:0003677	PMID:28473536	IDA		F			protein	taxon:9606	20200608	ARUK-UCL		
UniProtKB	Q01860	POU5F1	enables	GO:0003677	PMID:16153702	IDA		F			protein	taxon:9606	20060726	HGNC-UCL		
UniProtKB	Q01860	POU5F1	enables	GO:0006355	PMID:16153702	IDA		F			protein	taxon:9606	20060726	HGNC-UCL		
UniProtKB	Q01860	POU5F1	enables	GO:0140110	PMID:16153702	IDA		F			protein	taxon:9606	20060726	HGNC-UCL		
UniProtKB	Q01860	POU5F1	involved_in	GO:0006355	PMID:16153702	IDA		P			protein	taxon:9606	20060726	HGNC-UCL		
UniProtKB	Q01860	POU5F1	located_in	GO:0005634	PMID:16153702	IC	GO:0003677	C			protein	taxon:9606	20060726	HGNC-UCL		
UniProtKB	Q01860	POU5F1	enables	GO:0003677	PMID:21873635	IBA	FB:FBgn0086680|MGI:MGI:101893|MGI:MGI:101895|MGI:MGI:101897|MGI:MGI:102525|PANTHER:PTN000180816|RGD:3367|RGD:619767|UniProtKB:P14859|UniProtKB:Q12837|UniProtKB:Q15319|UniProtKB:Q9UKI9	F			protein	taxon:9606	20200821	GO_Central		
UniProtKB	Q01860	POU5F1	enables	GO:0006355	PMID:21873635	IBA	FB:FBgn0004394|FB:FBgn0085424|FB:FBgn0086680|MGI:MGI:101893|MGI:MGI:101895|MGI:MGI:101897|MGI:MGI:102524|MGI:MGI:102525|MGI:MGI:97588|PANTHER:PTN000180816|RGD:1359491|RGD:3367|RGD:61946|RGD:619767|RGD:619768|UniProtKB:P14859|UniProtKB:P28069|UniProtKB:Q01851|UniProtKB:Q01860|UniProtKB:Q12837|UniProtKB:Q14863|UniProtKB:Q15319|UniProtKB:Q9UKI9|WB:WBGene00006818	F			protein	taxon:9606	20211215	GO_Central		
UniProtKB	Q01860	POU5F1	enables	GO:0005694	PMID:21873635	IBA	FB:FBgn0004394|FB:FBgn0085424|FB:FBgn0086680|MGI:MGI:101893|MGI:MGI:101895|MGI:MGI:101897|MGI:MGI:102524|MGI:MGI:102525|MGI:MGI:97588|PANTHER:PTN000180816|RGD:1359491|RGD:3367|RGD:61946|RGD:619767|RGD:619768|UniProtKB:P14859|UniProtKB:P28069|UniProtKB:Q01851|UniProtKB:Q01860|UniProtKB:Q12837|UniProtKB:Q14863|UniProtKB:Q15319|UniProtKB:Q9UKI9|WB:WBGene00006818	F			protein	taxon:9606	20211215	GO_Central		
UniProtKB	Q01860	POU5F1	enables	GO:0140110	PMID:21873635	IBA	FB:FBgn0004394|FB:FBgn0085424|FB:FBgn0086680|MGI:MGI:101893|MGI:MGI:101895|MGI:MGI:101897|MGI:MGI:102524|MGI:MGI:102525|MGI:MGI:97588|PANTHER:PTN000180816|RGD:1359491|RGD:3367|RGD:61946|RGD:619767|RGD:619768|UniProtKB:P14859|UniProtKB:P28069|UniProtKB:Q01851|UniProtKB:Q01860|UniProtKB:Q12837|UniProtKB:Q14863|UniProtKB:Q15319|UniProtKB:Q9UKI9|WB:WBGene00006818	F			protein	taxon:9606	20211215	GO_Central		
UniProtKB	Q01860	POU5F1	involved_in	GO:0006355	PMID:21873635	IBA	FB:FBgn0000028|FB:FBgn0085424|FB:FBgn0086680|MGI:MGI:101893|MGI:MGI:101895|MGI:MGI:101897|MGI:MGI:101898|MGI:MGI:102523|MGI:MGI:102524|MGI:MGI:102525|MGI:MGI:102564|MGI:MGI:102565|MGI:MGI:97588|PANTHER:PTN000180816|RGD:3367|RGD:619767|RGD:619768|RGD:621691|UniProtKB:P14859|UniProtKB:P28069|UniProtKB:Q01851|UniProtKB:Q01860|UniProtKB:Q12837|UniProtKB:Q14863|UniProtKB:Q15319|UniProtKB:Q9UKI9|WB:WBGene00006818	P			protein	taxon:9606	20220414	GO_Central		
UniProtKB	Q01860	POU5F1	located_in	GO:0005634	PMID:18191611	IDA		C			protein	taxon:9606	20090702	UniProt		
UniProtKB	Q01860	POU5F1	enables	GO:0006355	GO_REF:0000002	IEA	InterPro:IPR017970	F			protein	taxon:9606	20220613	InterPro		
UniProtKB	Q01860	POU5F1	enables	GO:0005694	GO_REF:0000002	IEA	InterPro:IPR017970	F			protein	taxon:9606	20220613	InterPro		
UniProtKB	Q01860	POU5F1	enables	GO:0140110	GO_REF:0000002	IEA	InterPro:IPR017970	F			protein	taxon:9606	20220613	InterPro		
UniProtKB	Q01860	POU5F1	enables	GO:0003677	GO_REF:0000002	IEA	InterPro:IPR001356|InterPro:IPR010982|InterPro:IPR013847	F			protein	taxon:9606	20220613	InterPro		
UniProtKB	Q01860	POU5F1	enables	GO:0006355	GO_REF:0000002	IEA	InterPro:IPR000327	F			protein	taxon:9606	20220613	InterPro		
UniProtKB	Q01860	POU5F1	enables	GO:0140110	GO_REF:0000002	IEA	InterPro:IPR000327	F			protein	taxon:9606	20220613	InterPro		
UniProtKB	Q01860	POU5F1	involved_in	GO:0006355	GO_REF:0000002	IEA	InterPro:IPR000327|InterPro:IPR017970	P			protein	taxon:9606	20220613	InterPro		
UniProtKB	Q01860	POU5F1	enables	GO:0003677	GO_REF:0000043	IEA	UniProtKB-KW:KW-0238	F			protein	taxon:9606	20220613	UniProt		
UniProtKB	Q01860	POU5F1	enables	GO:0003677	GO_REF:0000043	IEA	UniProtKB-KW:KW-0371	F			protein	taxon:9606	20220613	UniProt		
UniProtKB	Q01860	POU5F1	located_in	GO:0005634	GO_REF:0000043	IEA	UniProtKB-KW:KW-0539	C			protein	taxon:9606	20220613	UniProt		
UniProtKB	Q01860	POU5F1	enables	GO:0006355	PMID:8088794	TAS		F			protein	taxon:9606	20030904	PINC		
UniProtKB	Q01860	POU5F1	enables	GO:0140110	PMID:8088794	TAS		F			protein	taxon:9606	20030904	PINC		
UniProtKB	Q01860	POU5F1	enables	GO:0006355	PMID:9814708	TAS		F			protein	taxon:9606	20030904	PINC		
UniProtKB	Q01860	POU5F1	enables	GO:0140110	PMID:9814708	TAS		F			protein	taxon:9606	20030904	PINC		
UniProtKB	Q01860	POU5F1	involved_in	GO:0048856	PMID:9814708	TAS		P			protein	taxon:9606	20031119	PINC		
UniProtKB	Q01860	POU5F1	acts_upstream_of_or_within	GO:0006355	PMID:20713518	IDA		P			protein	taxon:9606	20110629	MGI		
UniProtKB	Q01860	POU5F1	acts_upstream_of_or_within	GO:0048856	PMID:20713518	IDA		P			protein	taxon:9606	20110629	MGI		
UniProtKB	Q01860	POU5F1	acts_upstream_of_or_within	GO:0030154	PMID:20713518	IDA		P			protein	taxon:9606	20110629	MGI		
UniProtKB	Q01860	POU5F1	enables	GO:0003677	PMID:20713518	IDA		F			protein	taxon:9606	20110629	MGI		
UniProtKB	Q01860	POU5F1	located_in	GO:0005654	Reactome:R-HSA-1112609	TAS		C			protein	taxon:9606	20130528	Reactome		
UniProtKB	Q01860	POU5F1	located_in	GO:0005654	Reactome:R-HSA-2889036	TAS		C			protein	taxon:9606	20130528	Reactome		
UniProtKB	Q01860	POU5F1	located_in	GO:0005654	Reactome:R-HSA-2895778	TAS		C			protein	taxon:9606	20130528	Reactome		
UniProtKB	Q01860	POU5F1	located_in	GO:0005654	Reactome:R-HSA-2972948	TAS		C			protein	taxon:9606	20130528	Reactome		
UniProtKB	Q01860	POU5F1	located_in	GO:0005654	Reactome:R-HSA-2972949	TAS		C			protein	taxon:9606	20130528	Reactome		
UniProtKB	Q01860	POU5F1	located_in	GO:0005654	Reactome:R-HSA-2972952	TAS		C			protein	taxon:9606	20130528	Reactome		
UniProtKB	Q01860	POU5F1	located_in	GO:0005654	Reactome:R-HSA-2972956	TAS		C			protein	taxon:9606	20130528	Reactome		
UniProtKB	Q01860	POU5F1	located_in	GO:0005654	Reactome:R-HSA-2972960	TAS		C			protein	taxon:9606	20130528	Reactome		
UniProtKB	Q01860	POU5F1	located_in	GO:0005654	Reactome:R-HSA-2972962	TAS		C			protein	taxon:9606	20130528	Reactome		
UniProtKB	Q01860	POU5F1	located_in	GO:0005654	Reactome:R-HSA-2972964	TAS		C			protein	taxon:9606	20130528	Reactome		
UniProtKB	Q01860	POU5F1	located_in	GO:0005654	Reactome:R-HSA-2972965	TAS		C			protein	taxon:9606	20130528	Reactome		
UniProtKB	Q01860	POU5F1	located_in	GO:0005654	Reactome:R-HSA-2972966	TAS		C			protein	taxon:9606	20130528	Reactome		
UniProtKB	Q01860	POU5F1	located_in	GO:0005654	Reactome:R-HSA-2972967	TAS		C			protein	taxon:9606	20130528	Reactome		
UniProtKB	Q01860	POU5F1	located_in	GO:0005654	Reactome:R-HSA-2972975	TAS		C			protein	taxon:9606	20130528	Reactome		
UniProtKB	Q01860	POU5F1	located_in	GO:0005654	Reactome:R-HSA-2972977	TAS		C			protein	taxon:9606	20130528	Reactome		
UniProtKB	Q01860	POU5F1	located_in	GO:0005654	Reactome:R-HSA-2972978	TAS		C			protein	taxon:9606	20130528	Reactome		
UniProtKB	Q01860	POU5F1	located_in	GO:0005654	Reactome:R-HSA-2972979	TAS		C			protein	taxon:9606	20130528	Reactome		
UniProtKB	Q01860	POU5F1	located_in	GO:0005654	Reactome:R-HSA-480204	TAS		C			protein	taxon:9606	20130528	Reactome		
UniProtKB	Q01860	POU5F1	located_in	GO:0005654	Reactome:R-HSA-480685	TAS		C			protein	taxon:9606	20130528	Reactome		
UniProtKB	Q01860	POU5F1	located_in	GO:0005654	Reactome:R-HSA-6800120	TAS		C			protein	taxon:9606	20130528	Reactome		
UniProtKB	Q01860	POU5F1	enables	GO:0003677	PMID:19409607	IDA		F			protein	taxon:9606	20210107	BHF-UCL	has_input(RNAcentral:URS00004F4657_9606)	
UniProtKB	Q01860	POU5F1	enables	GO:0006355	PMID:19409607	IDA		F			protein	taxon:9606	20210107	BHF-UCL	has_input(RNAcentral:URS00004F4657_9606)	
UniProtKB	Q01860	POU5F1	enables	GO:0005694	PMID:19409607	IDA		F			protein	taxon:9606	20210107	BHF-UCL	has_input(RNAcentral:URS00004F4657_9606)	
UniProtKB	Q01860	POU5F1	enables	GO:0140110	PMID:19409607	IDA		F			protein	taxon:9606	20210107	BHF-UCL	has_input(RNAcentral:URS00004F4657_9606)	
UniProtKB	Q01860	POU5F1	located_in	GO:0005634	PMID:19274063	IDA		C			protein	taxon:9606	20101126	BHF-UCL		
UniProtKB	Q01860	POU5F1	located_in	GO:0005634	PMID:21828274	IDA		C			protein	taxon:9606	20140530	BHF-UCL	part_of(CL:0002322)	
UniProtKB	Q01860	POU5F1	located_in	GO:0005654	PMID:20458727	IDA		C			protein	taxon:9606	20110401	BHF-UCL		
UniProtKB	Q01860	POU5F1	involved_in	GO:0006355	PMID:19409607	IDA		P			protein	taxon:9606	20150624	BHF-UCL		
UniProtKB	Q01860	POU5F1	enables	GO:0006355	GO_REF:0000024	ISS	UniProtKB:P20263	F			protein	taxon:9606	20101229	BHF-UCL		
UniProtKB	Q01860	POU5F1	enables	GO:0005694	GO_REF:0000024	ISS	UniProtKB:P20263	F			protein	taxon:9606	20101229	BHF-UCL		
UniProtKB	Q01860	POU5F1	enables	GO:0140110	GO_REF:0000024	ISS	UniProtKB:P20263	F			protein	taxon:9606	20101229	BHF-UCL		
UniProtKB	Q01860	POU5F1	involved_in	GO:0048856	GO_REF:0000024	ISS	UniProtKB:P20263	P			protein	taxon:9606	20110303	BHF-UCL		
UniProtKB	Q01860	POU5F1	involved_in	GO:0006355	GO_REF:0000024	ISS	UniProtKB:P20263	P			protein	taxon:9606	20200122	BHF-UCL		
UniProtKB	Q01860	POU5F1	located_in	GO:0005634	GO_REF:0000044	IEA	UniProtKB-SubCell:SL-0191	C			protein	taxon:9606	20220613	UniProt		
UniProtKB	Q01860	POU5F1	located_in	GO:0005829	GO_REF:0000052	IDA		C			protein	taxon:9606	20161204	HPA		
UniProtKB	Q01860	POU5F1	located_in	GO:0005739	GO_REF:0000052	IDA		C			protein	taxon:9606	20161204	HPA		
UniProtKB	Q01860	POU5F1	located_in	GO:0005654	GO_REF:0000052	IDA		C			protein	taxon:9606	20161204	HPA		
UniProtKB	Q01860	POU5F1	enables	GO:0003723	PMID:19409607	IDA		F			protein	taxon:9606	20091119	UniProt		
UniProtKB	Q01860	POU5F1	enables	GO:0003723	PMID:18710938	IDA		F			protein	taxon:9606	20091119	UniProt		
UniProtKB	Q01860	POU5F1	located_in	GO:0005829	PMID:18000303	IDA		C			protein	taxon:9606	20091104	UniProt		
UniProtKB	Q01860	POU5F1	located_in	GO:0005634	PMID:18000303	IDA		C			protein	taxon:9606	20091104	UniProt		
UniProtKB	Q01860	POU5F1	enables	GO:0003723	PMID:22658674	HDA		F			protein	taxon:9606	20140203	UniProt		
UniProtKB	Q01860	POU5F1	enables	GO:0003677	PMID:19736317	IDA		F			protein	taxon:9606	20100324	BHF-UCL		UniProtKB:Q01860-1
UniProtKB	Q01860	POU5F1	involved_in	GO:0006355	PMID:19736317	IDA		P			protein	taxon:9606	20100324	BHF-UCL		UniProtKB:Q01860-1
UniProtKB	Q01860	POU5F1	involved_in	GO:0048856	PMID:19736317	IDA		P			protein	taxon:9606	20101214	BHF-UCL		UniProtKB:Q01860-1
UniProtKB	Q01860	POU5F1	involved_in	GO:0030154	PMID:19736317	IDA		P			protein	taxon:9606	20101214	BHF-UCL		UniProtKB:Q01860-1
UniProtKB	Q01860	POU5F1	involved_in	GO:0048856	PMID:19736317	IMP		P			protein	taxon:9606	20100324	BHF-UCL		UniProtKB:Q01860-1
UniProtKB	Q01860	POU5F1	involved_in	GO:0030154	PMID:19736317	IMP		P			protein	taxon:9606	20100324	BHF-UCL		UniProtKB:Q01860-1
UniProtKB	Q01860	POU5F1	involved_in	GO:0023052	PMID:19736317	IMP		P			protein	taxon:9606	20100324	BHF-UCL		UniProtKB:Q01860-1
UniProtKB	Q9H6I2	SOX17	enables	GO:0006355	GO_REF:0000113	ISA	tfclass:4.1.1	F			protein	taxon:9606	20190405	NTNU_SB		
UniProtKB	Q9H6I2	SOX17	enables	GO:0005694	GO_REF:0000113	ISA	tfclass:4.1.1	F			protein	taxon:9606	20190405	NTNU_SB		
UniProtKB	Q9H6I2	SOX17	enables	GO:0140110	GO_REF:0000113	ISA	tfclass:4.1.1	F			protein	taxon:9606	20190405	NTNU_SB		
UniProtKB	Q9H6I2	SOX17	part_of	GO:0005694	GO_REF:0000113	ISA	tfclass:4.1.1	C			protein	taxon:9606	20190405	NTNU_SB		
UniProtKB	Q9H6I2	SOX17	enables	GO:0003677	PMID:21873635	IBA	MGI:MGI:2654070|MGI:MGI:98357|MGI:MGI:98363|MGI:MGI:98364|MGI:MGI:98365|MGI:MGI:98366|PANTHER:PTN000030384|PomBase:SPBC23G7.09|UniProtKB:O00570|UniProtKB:P35713|UniProtKB:P35716|UniProtKB:Q06945	F			protein	taxon:9606	20200725	GO_Central		
UniProtKB	Q9H6I2	SOX17	enables	GO:0006355	PMID:21873635	IBA	FB:FBgn0000411|FB:FBgn0029123|MGI:MGI:103559|MGI:MGI:107543|MGI:MGI:2654070|MGI:MGI:98357|MGI:MGI:98359|MGI:MGI:98360|MGI:MGI:98362|MGI:MGI:98363|MGI:MGI:98364|MGI:MGI:98366|MGI:MGI:98369|MGI:MGI:98660|PANTHER:PTN000030384|PomBase:SPBC23G7.09|RGD:1565646|RGD:69351|UniProtKB:P35713|UniProtKB:Q05066|UniProtKB:Q06945|ZFIN:ZDB-GENE-980526-333|ZFIN:ZDB-GENE-990715-6	F			protein	taxon:9606	20210529	GO_Central		
UniProtKB	Q9H6I2	SOX17	enables	GO:0005694	PMID:21873635	IBA	FB:FBgn0000411|FB:FBgn0029123|MGI:MGI:103559|MGI:MGI:107543|MGI:MGI:2654070|MGI:MGI:98357|MGI:MGI:98359|MGI:MGI:98360|MGI:MGI:98362|MGI:MGI:98363|MGI:MGI:98364|MGI:MGI:98366|MGI:MGI:98369|MGI:MGI:98660|PANTHER:PTN000030384|PomBase:SPBC23G7.09|RGD:1565646|RGD:69351|UniProtKB:P35713|UniProtKB:Q05066|UniProtKB:Q06945|ZFIN:ZDB-GENE-980526-333|ZFIN:ZDB-GENE-990715-6	F			protein	taxon:9606	20210529	GO_Central		
UniProtKB	Q9H6I2	SOX17	enables	GO:0140110	PMID:21873635	IBA	FB:FBgn0000411|FB:FBgn0029123|MGI:MGI:103559|MGI:MGI:107543|MGI:MGI:2654070|MGI:MGI:98357|MGI:MGI:98359|MGI:MGI:98360|MGI:MGI:98362|MGI:MGI:98363|MGI:MGI:98364|MGI:MGI:98366|MGI:MGI:98369|MGI:MGI:98660|PANTHER:PTN000030384|PomBase:SPBC23G7.09|RGD:1565646|RGD:69351|UniProtKB:P35713|UniProtKB:Q05066|UniProtKB:Q06945|ZFIN:ZDB-GENE-980526-333|ZFIN:ZDB-GENE-990715-6	F			protein	taxon:9606	20210529	GO_Central		
UniProtKB	Q9H6I2	SOX17	enables	GO:0006355	PMID:21873635	IBA	MGI:MGI:107543|PANTHER:PTN002567805	F			protein	taxon:9606	20200311	GO_Central		
UniProtKB	Q9H6I2	SOX17	enables	GO:0005694	PMID:21873635	IBA	MGI:MGI:107543|PANTHER:PTN002567805	F			protein	taxon:9606	20200311	GO_Central		
UniProtKB	Q9H6I2	SOX17	enables	GO:0140110	PMID:21873635	IBA	MGI:MGI:107543|PANTHER:PTN002567805	F			protein	taxon:9606	20200311	GO_Central		
UniProtKB	Q9H6I2	SOX17	involved_in	GO:0006355	PMID:21873635	IBA	MGI:MGI:107543|PANTHER:PTN002567805|UniProtKB:Q9H6I2	P			protein	taxon:9606	20200929	GO_Central		
UniProtKB	Q9H6I2	SOX17	involved_in	GO:0048856	PMID:21873635	IBA	MGI:MGI:107543|PANTHER:PTN002567805|UniProtKB:Q9H6I2|ZFIN:ZDB-GENE-011026-1|ZFIN:ZDB-GENE-991213-1	P			protein	taxon:9606	20200725	GO_Central		
UniProtKB	Q9H6I2	SOX17	involved_in	GO:0048856	PMID:21873635	IBA	FB:FBgn0000411|FB:FBgn0005612|FB:FBgn0029123|MGI:MGI:103559|MGI:MGI:107543|MGI:MGI:98357|MGI:MGI:98359|MGI:MGI:98364|MGI:MGI:98365|MGI:MGI:98366|PANTHER:PTN000030384|UniProtKB:C8VAU1|UniProtKB:P35713|UniProtKB:P48430|UniProtKB:P48431|UniProtKB:Q9BT81|UniProtKB:Q9H6I2|UniProtKB:Q9W7R5|WB:WBGene00004771|ZFIN:ZDB-GENE-010111-1|ZFIN:ZDB-GENE-011026-1|ZFIN:ZDB-GENE-030131-8290|ZFIN:ZDB-GENE-030909-1|ZFIN:ZDB-GENE-040109-4|ZFIN:ZDB-GENE-040426-1274|ZFIN:ZDB-GENE-080725-1|ZFIN:ZDB-GENE-980526-333|ZFIN:ZDB-GENE-980526-395|ZFIN:ZDB-GENE-980526-466	P			protein	taxon:9606	20211110	GO_Central		
UniProtKB	Q9H6I2	SOX17	involved_in	GO:0030154	PMID:21873635	IBA	FB:FBgn0000411|FB:FBgn0005612|FB:FBgn0029123|FB:FBgn0036411|MGI:MGI:103559|MGI:MGI:107543|MGI:MGI:98357|MGI:MGI:98359|MGI:MGI:98363|MGI:MGI:98364|MGI:MGI:98365|MGI:MGI:98366|PANTHER:PTN000030384|RGD:69351|UniProtKB:C8VAU1|UniProtKB:P35713|UniProtKB:P35716|UniProtKB:P48430|UniProtKB:P48431|UniProtKB:Q9H6I2|UniProtKB:Q9Y651|WB:WBGene00004771|WB:WBGene00004949|WB:WBGene00004950|ZFIN:ZDB-GENE-011026-1|ZFIN:ZDB-GENE-030909-1|ZFIN:ZDB-GENE-040109-4|ZFIN:ZDB-GENE-080725-1|ZFIN:ZDB-GENE-980526-333|ZFIN:ZDB-GENE-980526-395|ZFIN:ZDB-GENE-980526-466	P			protein	taxon:9606	20220413	GO_Central		
UniProtKB	Q9H6I2	SOX17	involved_in	GO:0006355	PMID:21873635	IBA	FB:FBgn0000411|FB:FBgn0005612|FB:FBgn0005613|FB:FBgn0029123|MGI:MGI:103559|MGI:MGI:107543|MGI:MGI:2654070|MGI:MGI:98357|MGI:MGI:98359|MGI:MGI:98360|MGI:MGI:98363|MGI:MGI:98364|MGI:MGI:98366|MGI:MGI:98369|MGI:MGI:98660|PANTHER:PTN000030384|PomBase:SPBC23G7.09|RGD:1565646|RGD:3759|RGD:69351|UniProtKB:P35713|UniProtKB:P35716|UniProtKB:P48430|UniProtKB:P48431|UniProtKB:Q05066|UniProtKB:Q06945|UniProtKB:Q5A220|UniProtKB:Q9BT81|UniProtKB:Q9H6I2|UniProtKB:Q9W7R5|UniProtKB:Q9W7R6|ZFIN:ZDB-GENE-010111-1|ZFIN:ZDB-GENE-011026-1|ZFIN:ZDB-GENE-030909-1|ZFIN:ZDB-GENE-040718-186|ZFIN:ZDB-GENE-060322-5|ZFIN:ZDB-GENE-980526-102|ZFIN:ZDB-GENE-980526-333|ZFIN:ZDB-GENE-990715-6	P			protein	taxon:9606	20220413	GO_Central		
UniProtKB	Q9H6I2	SOX17	involved_in	GO:0048856	PMID:21873635	IBA	MGI:MGI:107543|PANTHER:PTN002567805	P			protein	taxon:9606	20200311	GO_Central		
UniProtKB	Q9H6I2	SOX17	involved_in	GO:0048856	PMID:21873635	IBA	MGI:MGI:107543|PANTHER:PTN002567805	P			protein	taxon:9606	20200311	GO_Central		
UniProtKB	Q9H6I2	SOX17	involved_in	GO:0030154	PMID:21873635	IBA	MGI:MGI:107543|PANTHER:PTN002567805	P			protein	taxon:9606	20200311	GO_Central		
UniProtKB	Q9H6I2	SOX17	enables	GO:0003677	GO_REF:0000024	ISS	UniProtKB:P40646	F			protein	taxon:9606	20110606	UniProt		
UniProtKB	Q9H6I2	SOX17	involved_in	GO:0006355	GO_REF:0000024	ISS	UniProtKB:Q61473	P			protein	taxon:9606	20101215	UniProt		
UniProtKB	Q9H6I2	SOX17	involved_in	GO:0048856	GO_REF:0000024	ISS	UniProtKB:Q61473	P			protein	taxon:9606	20101215	UniProt		
UniProtKB	Q9H6I2	SOX17	enables	GO:0003677	GO_REF:0000043	IEA	UniProtKB-KW:KW-0238	F			protein	taxon:9606	20220613	UniProt		
UniProtKB	Q9H6I2	SOX17	involved_in	GO:0023052	GO_REF:0000043	IEA	UniProtKB-KW:KW-0879	P			protein	taxon:9606	20220613	UniProt		
UniProtKB	Q9H6I2	SOX17	located_in	GO:0005634	GO_REF:0000043	IEA	UniProtKB-KW:KW-0539	C			protein	taxon:9606	20220613	UniProt		
UniProtKB	Q9H6I2	SOX17	located_in	GO:0005654	Reactome:R-HSA-5626938	TAS		C			protein	taxon:9606	20141008	Reactome		
UniProtKB	Q9H6I2	SOX17	located_in	GO:0005654	Reactome:R-HSA-5665608	TAS		C			protein	taxon:9606	20141008	Reactome		
UniProtKB	Q9H6I2	SOX17	enables	GO:0003677	GO_REF:0000107	IEA	UniProtKB:Q61473|ensembl:ENSMUSP00000027035	F			protein	taxon:9606	20220613	Ensembl		
UniProtKB	Q9H6I2	SOX17	enables	GO:0006355	GO_REF:0000107	IEA	UniProtKB:Q61473|ensembl:ENSMUSP00000027035	F			protein	taxon:9606	20220613	Ensembl		
UniProtKB	Q9H6I2	SOX17	enables	GO:0005694	GO_REF:0000107	IEA	UniProtKB:Q61473|ensembl:ENSMUSP00000027035	F			protein	taxon:9606	20220613	Ensembl		
UniProtKB	Q9H6I2	SOX17	enables	GO:0140110	GO_REF:0000107	IEA	UniProtKB:Q61473|ensembl:ENSMUSP00000027035	F			protein	taxon:9606	20220613	Ensembl		
UniProtKB	Q9H6I2	SOX17	enables	GO:0006355	GO_REF:0000107	IEA	UniProtKB:Q61473|ensembl:ENSMUSP00000027035	F			protein	taxon:9606	20220613	Ensembl		
UniProtKB	Q9H6I2	SOX17	enables	GO:0005694	GO_REF:0000107	IEA	UniProtKB:Q61473|ensembl:ENSMUSP00000027035	F			protein	taxon:9606	20220613	Ensembl		
UniProtKB	Q9H6I2	SOX17	enables	GO:0140110	GO_REF:0000107	IEA	UniProtKB:Q61473|ensembl:ENSMUSP00000027035	F			protein	taxon:9606	20220613	Ensembl		
UniProtKB	Q9H6I2	SOX17	enables	GO:0003677	GO_REF:0000107	IEA	UniProtKB:Q61473|ensembl:ENSMUSP00000027035	F			protein	taxon:9606	20220613	Ensembl		
UniProtKB	Q9H6I2	SOX17	enables	GO:0006355	GO_REF:0000107	IEA	UniProtKB:Q61473|ensembl:ENSMUSP00000027035	F			protein	taxon:9606	20220613	Ensembl		
UniProtKB	Q9H6I2	SOX17	enables	GO:0140110	GO_REF:0000107	IEA	UniProtKB:Q61473|ensembl:ENSMUSP00000027035	F			protein	taxon:9606	20220613	Ensembl		
UniProtKB	Q9H6I2	SOX17	involved_in	GO:0006355	GO_REF:0000107	IEA	UniProtKB:Q61473|ensembl:ENSMUSP00000027035	P			protein	taxon:9606	20220613	Ensembl		
UniProtKB	Q9H6I2	SOX17	involved_in	GO:0006355	GO_REF:0000107	IEA	UniProtKB:Q61473|ensembl:ENSMUSP00000027035	P			protein	taxon:9606	20220613	Ensembl		
UniProtKB	Q9H6I2	SOX17	involved_in	GO:0048856	GO_REF:0000107	IEA	UniProtKB:Q61473|ensembl:ENSMUSP00000027035	P			protein	taxon:9606	20220613	Ensembl		
UniProtKB	Q9H6I2	SOX17	involved_in	GO:0048856	GO_REF:0000107	IEA	UniProtKB:Q61473|ensembl:ENSMUSP00000027035	P			protein	taxon:9606	20220613	Ensembl		
UniProtKB	Q9H6I2	SOX17	involved_in	GO:0030154	GO_REF:0000107	IEA	UniProtKB:Q61473|ensembl:ENSMUSP00000027035	P			protein	taxon:9606	20220613	Ensembl		
UniProtKB	Q9H6I2	SOX17	involved_in	GO:0030154	GO_REF:0000107	IEA	UniProtKB:Q61473|ensembl:ENSMUSP00000027035	P			protein	taxon:9606	20220613	Ensembl		
UniProtKB	Q9H6I2	SOX17	involved_in	GO:0048856	GO_REF:0000107	IEA	UniProtKB:Q61473|ensembl:ENSMUSP00000027035	P			protein	taxon:9606	20220613	Ensembl		
UniProtKB	Q9H6I2	SOX17	involved_in	GO:0048856	GO_REF:0000107	IEA	UniProtKB:Q61473|ensembl:ENSMUSP00000027035	P			protein	taxon:9606	20220613	Ensembl		
UniProtKB	Q9H6I2	SOX17	involved_in	GO:0030154	GO_REF:0000107	IEA	UniProtKB:Q61473|ensembl:ENSMUSP00000027035	P			protein	taxon:9606	20220613	Ensembl		
UniProtKB	Q9H6I2	SOX17	involved_in	GO:0048856	GO_REF:0000107	IEA	UniProtKB:Q61473|ensembl:ENSMUSP00000027035	P			protein	taxon:9606	20220613	Ensembl		
UniProtKB	Q9H6I2	SOX17	involved_in	GO:0048856	GO_REF:0000107	IEA	UniProtKB:Q61473|ensembl:ENSMUSP00000027035	P			protein	taxon:9606	20220613	Ensembl		
UniProtKB	Q9H6I2	SOX17	involved_in	GO:0048856	GO_REF:0000107	IEA	UniProtKB:Q61473|ensembl:ENSMUSP00000027035	P			protein	taxon:9606	20220613	Ensembl		
UniProtKB	Q9H6I2	SOX17	involved_in	GO:0048856	GO_REF:0000107	IEA	UniProtKB:Q61473|ensembl:ENSMUSP00000027035	P			protein	taxon:9606	20220613	Ensembl		
UniProtKB	Q9H6I2	SOX17	involved_in	GO:0048856	GO_REF:0000107	IEA	UniProtKB:Q61473|ensembl:ENSMUSP00000027035	P			protein	taxon:9606	20220613	Ensembl		
UniProtKB	Q9H6I2	SOX17	involved_in	GO:0048856	GO_REF:0000107	IEA	UniProtKB:Q61473|ensembl:ENSMUSP00000027035	P			protein	taxon:9606	20220613	Ensembl		
UniProtKB	Q9H6I2	SOX17	involved_in	GO:0048856	GO_REF:0000107	IEA	UniProtKB:Q61473|ensembl:ENSMUSP00000027035	P			protein	taxon:9606	20220613	Ensembl		
UniProtKB	Q9H6I2	SOX17	involved_in	GO:0030154	GO_REF:0000107	IEA	UniProtKB:Q61473|ensembl:ENSMUSP00000027035	P			protein	taxon:9606	20220613	Ensembl		
UniProtKB	Q9H6I2	SOX17	located_in	GO:0005634	GO_REF:0000107	IEA	UniProtKB:Q61473|ensembl:ENSMUSP00000027035	C			protein	taxon:9606	20220613	Ensembl		
UniProtKB	Q9H6I2	SOX17	involved_in	GO:0023052	GO_REF:0000107	IEA	UniProtKB:Q61473|ensembl:ENSMUSP00000027035	P			protein	taxon:9606	20220613	Ensembl		
UniProtKB	Q9H6I2	SOX17	involved_in	GO:0048856	GO_REF:0000107	IEA	UniProtKB:Q61473|ensembl:ENSMUSP00000027035	P			protein	taxon:9606	20220613	Ensembl		
UniProtKB	Q9H6I2	SOX17	involved_in	GO:0048856	GO_REF:0000107	IEA	UniProtKB:Q61473|ensembl:ENSMUSP00000027035	P			protein	taxon:9606	20220613	Ensembl		
UniProtKB	Q9H6I2	SOX17	involved_in	GO:0048856	GO_REF:0000107	IEA	UniProtKB:Q61473|ensembl:ENSMUSP00000027035	P			protein	taxon:9606	20220613	Ensembl		
UniProtKB	Q9H6I2	SOX17	involved_in	GO:0006355	GO_REF:0000107	IEA	UniProtKB:Q61473|ensembl:ENSMUSP00000027035	P			protein	taxon:9606	20220613	Ensembl		
UniProtKB	Q9H6I2	SOX17	involved_in	GO:0006355	GO_REF:0000107	IEA	UniProtKB:Q61473|ensembl:ENSMUSP00000027035	P			protein	taxon:9606	20220613	Ensembl		
UniProtKB	Q9H6I2	SOX17	involved_in	GO:0048856	GO_REF:0000107	IEA	UniProtKB:Q61473|ensembl:ENSMUSP00000027035	P			protein	taxon:9606	20220613	Ensembl		
UniProtKB	Q9H6I2	SOX17	involved_in	GO:0022414	GO_REF:0000107	IEA	UniProtKB:Q61473|ensembl:ENSMUSP00000027035	P			protein	taxon:9606	20220613	Ensembl		
UniProtKB	Q9H6I2	SOX17	involved_in	GO:0048856	GO_REF:0000107	IEA	UniProtKB:Q61473|ensembl:ENSMUSP00000027035	P			protein	taxon:9606	20220613	Ensembl		
UniProtKB	Q9H6I2	SOX17	involved_in	GO:0030154	GO_REF:0000107	IEA	UniProtKB:Q61473|ensembl:ENSMUSP00000027035	P			protein	taxon:9606	20220613	Ensembl		
UniProtKB	Q9H6I2	SOX17	involved_in	GO:0048856	GO_REF:0000107	IEA	UniProtKB:Q61473|ensembl:ENSMUSP00000027035	P			protein	taxon:9606	20220613	Ensembl		
UniProtKB	Q9H6I2	SOX17	involved_in	GO:0048856	GO_REF:0000107	IEA	UniProtKB:Q61473|ensembl:ENSMUSP00000027035	P			protein	taxon:9606	20220613	Ensembl		
UniProtKB	Q9H6I2	SOX17	involved_in	GO:0030154	GO_REF:0000107	IEA	UniProtKB:Q61473|ensembl:ENSMUSP00000027035	P			protein	taxon:9606	20220613	Ensembl		
UniProtKB	Q9H6I2	SOX17	involved_in	GO:0048870	GO_REF:0000107	IEA	UniProtKB:Q61473|ensembl:ENSMUSP00000027035	P			protein	taxon:9606	20220613	Ensembl		
UniProtKB	Q9H6I2	SOX17	involved_in	GO:0048856	GO_REF:0000107	IEA	UniProtKB:Q61473|ensembl:ENSMUSP00000027035	P			protein	taxon:9606	20220613	Ensembl		
UniProtKB	Q9H6I2	SOX17	involved_in	GO:0048856	GO_REF:0000107	IEA	UniProtKB:Q61473|ensembl:ENSMUSP00000027035	P			protein	taxon:9606	20220613	Ensembl		
UniProtKB	Q9H6I2	SOX17	involved_in	GO:0030154	GO_REF:0000107	IEA	UniProtKB:Q61473|ensembl:ENSMUSP00000027035	P			protein	taxon:9606	20220613	Ensembl		
UniProtKB	Q9H6I2	SOX17	involved_in	GO:0048856	GO_REF:0000107	IEA	UniProtKB:Q61473|ensembl:ENSMUSP00000027035	P			protein	taxon:9606	20220613	Ensembl		
UniProtKB	Q9H6I2	SOX17	involved_in	GO:0030154	GO_REF:0000107	IEA	UniProtKB:Q61473|ensembl:ENSMUSP00000027035	P			protein	taxon:9606	20220613	Ensembl		
UniProtKB	Q9H6I2	SOX17	involved_in	GO:0048856	GO_REF:0000107	IEA	UniProtKB:Q61473|ensembl:ENSMUSP00000027035	P			protein	taxon:9606	20220613	Ensembl		
UniProtKB	Q9H6I2	SOX17	enables	GO:0003677	GO_REF:0000107	IEA	UniProtKB:Q61473|ensembl:ENSMUSP00000027035	F			protein	taxon:9606	20220613	Ensembl		
UniProtKB	Q9H6I2	SOX17	involved_in	GO:0006355	PMID:22292085	IDA		P			protein	taxon:9606	20121119	BHF-UCL		
UniProtKB	Q9H6I2	SOX17	located_in	GO:0005634	PMID:17875931	IDA		C			protein	taxon:9606	20080915	BHF-UCL		
UniProtKB	Q9H6I2	SOX17	involved_in	GO:0048856	PMID:19736317	TAS		P			protein	taxon:9606	20100324	BHF-UCL		
UniProtKB	Q9H6I2	SOX17	involved_in	GO:0048856	PMID:19736317	IMP		P			protein	taxon:9606	20100727	BHF-UCL		
UniProtKB	Q9H6I2	SOX17	involved_in	GO:0030154	PMID:19736317	IMP		P			protein	taxon:9606	20100727	BHF-UCL		
UniProtKB	Q9H6I2	SOX17	involved_in	GO:0048856	PMID:20960469	IMP		P			protein	taxon:9606	20190614	BHF-UCL		
UniProtKB	Q9H6I2	SOX17	involved_in	GO:0048856	PMID:20960469	IMP		P			protein	taxon:9606	20190614	BHF-UCL		
UniProtKB	Q9H6I2	SOX17	enables	GO:0003677	GO_REF:0000024	ISS	UniProtKB:Q61473	F			protein	taxon:9606	20110606	BHF-UCL		
UniProtKB	Q9H6I2	SOX17	enables	GO:0006355	GO_REF:0000024	ISS	UniProtKB:Q61473	F			protein	taxon:9606	20100317	BHF-UCL	occurs_at(SO:0000165)	
UniProtKB	Q9H6I2	SOX17	enables	GO:0005694	GO_REF:0000024	ISS	UniProtKB:Q61473	F			protein	taxon:9606	20100317	BHF-UCL	occurs_at(SO:0000165)	
UniProtKB	Q9H6I2	SOX17	enables	GO:0140110	GO_REF:0000024	ISS	UniProtKB:Q61473	F			protein	taxon:9606	20100317	BHF-UCL	occurs_at(SO:0000165)	
UniProtKB	Q9H6I2	SOX17	involved_in	GO:0006355	GO_REF:0000024	ISS	UniProtKB:Q61473	P			protein	taxon:9606	20100317	BHF-UCL		
UniProtKB	Q9H6I2	SOX17	involved_in	GO:0048856	GO_REF:0000024	ISS	UniProtKB:Q61473	P			protein	taxon:9606	20110712	BHF-UCL		
UniProtKB	Q9H6I2	SOX17	involved_in	GO:0048856	GO_REF:0000024	ISS	UniProtKB:Q61473	P			protein	taxon:9606	20100317	BHF-UCL		
UniProtKB	Q9H6I2	SOX17	involved_in	GO:0048856	GO_REF:0000024	ISS	UniProtKB:Q61473	P			protein	taxon:9606	20100317	BHF-UCL		
UniProtKB	Q9H6I2	SOX17	involved_in	GO:0030154	GO_REF:0000024	ISS	UniProtKB:Q61473	P			protein	taxon:9606	20100317	BHF-UCL		
UniProtKB	Q9H6I2	SOX17	involved_in	GO:0048856	GO_REF:0000024	ISS	UniProtKB:Q61473	P			protein	taxon:9606	20110712	BHF-UCL		
UniProtKB	Q9H6I2	SOX17	involved_in	GO:0048856	GO_REF:0000024	ISS	UniProtKB:Q61473	P			protein	taxon:9606	20100317	BHF-UCL		
UniProtKB	Q9H6I2	SOX17	involved_in	GO:0048856	GO_REF:0000024	ISS	UniProtKB:Q61473	P			protein	taxon:9606	20110712	BHF-UCL		
UniProtKB	Q9H6I2	SOX17	involved_in	GO:0048856	GO_REF:0000024	ISS	UniProtKB:Q61473	P			protein	taxon:9606	20110712	BHF-UCL		
UniProtKB	Q9H6I2	SOX17	involved_in	GO:0048856	GO_REF:0000024	ISS	UniProtKB:Q61473	P			protein	taxon:9606	20100317	BHF-UCL		
UniProtKB	Q9H6I2	SOX17	involved_in	GO:0048856	GO_REF:0000024	ISS	UniProtKB:Q61473	P			protein	taxon:9606	20100317	BHF-UCL		
UniProtKB	Q9H6I2	SOX17	involved_in	GO:0048856	GO_REF:0000024	ISS	UniProtKB:Q61473	P			protein	taxon:9606	20100317	BHF-UCL		
UniProtKB	Q9H6I2	SOX17	involved_in	GO:0030154	GO_REF:0000024	ISS	UniProtKB:Q61473	P			protein	taxon:9606	20100317	BHF-UCL		
UniProtKB	Q9H6I2	SOX17	involved_in	GO:0048856	GO_REF:0000024	ISS	UniProtKB:Q61473	P			protein	taxon:9606	20201028	BHF-UCL	part_of(GO:0003142)|part_of(GO:0003143)|part_of(GO:0048617)|part_of(GO:0061031)	
UniProtKB	Q9H6I2	SOX17	involved_in	GO:0030154	GO_REF:0000024	ISS	UniProtKB:Q61473	P			protein	taxon:9606	20201028	BHF-UCL	part_of(GO:0003142)|part_of(GO:0003143)|part_of(GO:0048617)|part_of(GO:0061031)	
UniProtKB	Q9H6I2	SOX17	involved_in	GO:0048856	GO_REF:0000024	ISS	UniProtKB:Q61473	P			protein	taxon:9606	20100317	BHF-UCL		
UniProtKB	Q9H6I2	SOX17	involved_in	GO:0006355	GO_REF:0000024	ISS	UniProtKB:Q61473	P			protein	taxon:9606	20201028	BHF-UCL	"part_of(GO:0003142),part_of(GO:0001714)|part_of(GO:0003143),part_of(GO:0001714)|part_of(GO:0048617),part_of(GO:0001714)|part_of(GO:0061031),part_of(GO:0001714)"	
UniProtKB	Q9H6I2	SOX17	located_in	GO:0005634	GO_REF:0000044	IEA	UniProtKB-SubCell:SL-0191	C			protein	taxon:9606	20220613	UniProt		
UniProtKB	Q9H6I2	SOX17	located_in	GO:0005634	PMID:18682240	IDA		C			protein	taxon:9606	20091021	UniProt		
UniProtKB	Q9H6I2	SOX17	located_in	GO:0005634	PMID:17875931	IDA		C			protein	taxon:9606	20110615	UniProt		
UniProtKB	Q9H6I2	SOX17	involved_in	GO:0048856	PMID:18682240	IDA		P			protein	taxon:9606	20091021	UniProt		